Price,Close
Ticker,AAPL
Date,
2012-01-03,12.33321475982666
2012-01-04,12.399497985839844
2012-01-05,12.537155151367188
2012-01-06,12.668216705322266
2012-01-09,12.648122787475586
2012-01-10,12.69340991973877
2012-01-11,12.672713279724121
2012-01-12,12.637924194335938
2012-01-13,12.59054183959961
2012-01-17,12.737196922302246
2012-01-18,12.869458198547363
2012-01-19,12.828670501708984
2012-01-20,12.605237007141113
2012-01-23,12.818469047546387
2012-01-24,12.608531951904297
2012-01-25,13.395796775817871
2012-01-26,13.334918022155762
2012-01-27,13.414392471313477
2012-01-30,13.586243629455566
2012-01-31,13.690312385559082
2012-02-01,13.681611061096191
2012-02-02,13.64952564239502
2012-02-03,13.786282539367676
2012-02-06,13.91494369506836
2012-02-07,14.060700416564941
2012-02-08,14.296133995056152
2012-02-09,14.790680885314941
2012-02-10,14.798179626464844
2012-02-13,15.073500633239746
2012-02-14,15.279236793518066
2012-02-15,14.925643920898438
2012-02-16,15.061800003051758
2012-02-17,15.05910587310791
2012-02-21,15.440888404846191
2012-02-22,15.386605262756348
2012-02-23,15.48707389831543
2012-02-24,15.667624473571777
2012-02-27,15.768092155456543
2012-02-28,16.057504653930664
2012-02-29,16.268341064453125
2012-03-01,16.329219818115234
2012-03-02,16.350513458251953
2012-03-05,15.990025520324707
2012-03-06,15.903054237365723
2012-03-07,15.9159517288208
2012-03-08,16.254844665527344
2012-03-09,16.350217819213867
2012-03-12,16.555065155029297
2012-03-13,17.03790855407715
2012-03-14,17.682113647460938
2012-03-15,17.561555862426758
2012-03-16,17.56184959411621
2012-03-19,18.027605056762695
2012-03-20,18.173377990722656
2012-03-21,18.069608688354492
2012-03-22,17.974836349487305
2012-03-23,17.876161575317383
2012-03-26,18.203969955444336
2012-03-27,18.428903579711914
2012-03-28,18.5230655670166
2012-03-29,18.29033660888672
2012-03-30,17.981130599975586
2012-04-02,18.553363800048828
2012-04-03,18.87397003173828
2012-04-04,18.723703384399414
2012-04-05,19.004730224609375
2012-04-09,19.081201553344727
2012-04-10,18.847578048706055
2012-04-11,18.780391693115234
2012-04-12,18.677515029907227
2012-04-13,18.151479721069336
2012-04-16,17.398700714111328
2012-04-17,18.285533905029297
2012-04-18,18.244749069213867
2012-04-19,17.617937088012695
2012-04-20,17.184267044067383
2012-04-23,17.1458740234375
2012-04-24,16.803380966186523
2012-04-25,18.294544219970703
2012-04-26,18.225557327270508
2012-04-27,18.0845947265625
2012-04-30,17.5141658782959
2012-05-01,17.458683013916016
2012-05-02,17.57415199279785
2012-05-03,17.44939422607422
2012-05-04,16.952436447143555
2012-05-07,17.079303741455078
2012-05-08,17.040311813354492
2012-05-09,17.070302963256836
2012-05-10,17.11049461364746
2012-05-11,16.996227264404297
2012-05-14,16.74159812927246
2012-05-15,16.590145111083984
2012-05-16,16.37750816345215
2012-05-17,15.898853302001953
2012-05-18,15.906644821166992
2012-05-21,16.833372116088867
2012-05-22,16.70410919189453
2012-05-23,17.1116943359375
2012-05-24,16.95454216003418
2012-05-25,16.863664627075195
2012-05-29,17.162967681884766
2012-05-30,17.369916915893555
2012-05-31,17.32672691345215
2012-06-01,16.824678421020508
2012-06-04,16.923648834228516
2012-06-05,16.87985610961914
2012-06-06,17.138681411743164
2012-06-07,17.146480560302734
2012-06-08,17.404396057128906
2012-06-11,17.129989624023438
2012-06-12,17.27963638305664
2012-06-13,17.15967559814453
2012-06-14,17.14078140258789
2012-06-15,17.218761444091797
2012-06-18,17.568153381347656
2012-06-19,17.617036819458008
2012-06-20,17.56694793701172
2012-06-21,17.324935913085938
2012-06-22,17.457780838012695
2012-06-25,17.11799430847168
2012-06-26,17.155778884887695
2012-06-27,17.229856491088867
2012-06-28,17.0664005279541
2012-06-29,17.514772415161133
2012-07-02,17.77029037475586
2012-07-03,17.9769287109375
2012-07-05,18.292736053466797
2012-07-06,18.170976638793945
2012-07-09,18.411203384399414
2012-07-10,18.24085235595703
2012-07-11,18.127485275268555
2012-07-12,17.96163558959961
2012-07-13,18.1436824798584
2012-07-16,18.201868057250977
2012-07-17,18.20277214050293
2012-07-18,18.182369232177734
2012-07-19,18.42409896850586
2012-07-20,18.12358283996582
2012-07-23,18.109495162963867
2012-07-24,18.022218704223633
2012-07-25,17.243947982788086
2012-07-26,17.241249084472656
2012-07-27,17.549556732177734
2012-07-30,17.84556770324707
2012-07-31,18.31733512878418
2012-08-01,18.198862075805664
2012-08-02,18.228254318237305
2012-08-03,18.465490341186523
2012-08-06,18.670928955078125
2012-08-07,18.621740341186523
2012-08-08,18.590246200561523
2012-08-09,18.696266174316406
2012-08-10,18.72548484802246
2012-08-13,18.975482940673828
2012-08-14,19.026384353637695
2012-08-15,19.000476837158203
2012-08-16,19.16644287109375
2012-08-17,19.52094841003418
2012-08-20,20.034189224243164
2012-08-21,19.760398864746094
2012-08-22,20.146238327026367
2012-08-23,19.958290100097656
2012-08-24,19.976051330566406
2012-08-27,20.351350784301758
2012-08-28,20.324848175048828
2012-08-29,20.28479766845703
2012-08-30,19.99563217163086
2012-08-31,20.03689956665039
2012-09-04,20.32997703552246
2012-09-05,20.187204360961914
2012-09-06,20.369121551513672
2012-09-07,20.49472427368164
2012-09-10,19.96160316467285
2012-09-11,19.896839141845703
2012-09-12,20.17394256591797
2012-09-13,20.57122230529785
2012-09-14,20.82122230529785
2012-09-17,21.077239990234375
2012-09-18,21.14139747619629
2012-09-19,21.147119522094727
2012-09-20,21.044706344604492
2012-09-21,21.086578369140625
2012-09-24,20.80646324157715
2012-09-25,20.286893844604492
2012-09-26,20.035093307495117
2012-09-27,20.521228790283203
2012-09-28,20.092931747436523
2012-10-01,19.860702514648438
2012-10-02,19.91852569580078
2012-10-03,20.22395133972168
2012-10-04,20.08388900756836
2012-10-05,19.6558895111084
2012-10-08,19.221561431884766
2012-10-09,19.151681900024414
2012-10-10,19.304092407226562
2012-10-11,18.918258666992188
2012-10-12,18.96674156188965
2012-10-15,19.118854522705078
2012-10-16,19.571550369262695
2012-10-17,19.415529251098633
2012-10-18,19.055004119873047
2012-10-19,18.368268966674805
2012-10-22,19.096864700317383
2012-10-23,18.474287033081055
2012-10-24,18.57880973815918
2012-10-25,18.359230041503906
2012-10-26,18.192365646362305
2012-10-31,17.930923461914062
2012-11-01,17.967674255371094
2012-11-02,17.373098373413086
2012-11-05,17.608642578125
2012-11-06,17.555326461791992
2012-11-07,16.883617401123047
2012-11-08,16.270898818969727
2012-11-09,16.552602767944336
2012-11-12,16.424610137939453
2012-11-13,16.426727294921875
2012-11-14,16.24458122253418
2012-11-15,15.903883934020996
2012-11-16,15.96621322631836
2012-11-19,17.117507934570312
2012-11-20,16.97166633605957
2012-11-21,16.99557113647461
2012-11-23,17.292097091674805
2012-11-26,17.837629318237305
2012-11-27,17.69390869140625
2012-11-28,17.638242721557617
2012-11-29,17.832489013671875
2012-11-30,17.70903968811035
2012-12-03,17.736572265625
2012-12-04,17.423709869384766
2012-12-05,16.302371978759766
2012-12-06,16.558048248291016
2012-12-07,16.134748458862305
2012-12-10,16.030961990356445
2012-12-11,16.381044387817383
2012-12-12,16.30872344970703
2012-12-13,16.027034759521484
2012-12-14,15.424918174743652
2012-12-17,15.698445320129395
2012-12-18,16.154415130615234
2012-12-19,15.92475700378418
2012-12-20,15.7861909866333
2012-12-21,15.71357250213623
2012-12-24,15.738977432250977
2012-12-26,15.522032737731934
2012-12-27,15.584365844726562
2012-12-28,15.41886043548584
2012-12-31,16.102066040039062
2013-01-02,16.61220359802246
2013-01-03,16.402524948120117
2013-01-04,15.945645332336426
2013-01-07,15.851842880249023
2013-01-08,15.894499778747559
2013-01-09,15.646089553833008
2013-01-10,15.840046882629395
2013-01-11,15.742912292480469
2013-01-14,15.18164348602295
2013-01-15,14.702669143676758
2013-01-16,15.312955856323242
2013-01-17,15.209781646728516
2013-01-18,15.128690719604492
2013-01-22,15.273015975952148
2013-01-23,15.552602767944336
2013-01-24,13.630949974060059
2013-01-25,13.309617042541504
2013-01-28,13.610675811767578
2013-01-29,13.866047859191895
2013-01-30,13.82247543334961
2013-01-31,13.781929969787598
2013-02-01,13.725351333618164
2013-02-04,13.383443832397461
2013-02-05,13.853038787841797
2013-02-06,13.838212966918945
2013-02-07,14.249676704406738
2013-02-08,14.455406188964844
2013-02-11,14.606060028076172
2013-02-12,14.23993968963623
2013-02-13,14.212851524353027
2013-02-14,14.2000732421875
2013-02-15,14.004379272460938
2013-02-19,13.999208450317383
2013-02-20,13.660178184509277
2013-02-21,13.57526683807373
2013-02-22,13.719826698303223
2013-02-25,13.476052284240723
2013-02-26,13.66382884979248
2013-02-27,13.529919624328613
2013-02-28,13.433445930480957
2013-03-01,13.100807189941406
2013-03-04,12.783685684204102
2013-03-05,13.121194839477539
2013-03-06,12.95442008972168
2013-03-07,13.10415267944336
2013-03-08,13.138848304748535
2013-03-11,13.326013565063477
2013-03-12,13.038718223571777
2013-03-13,13.036283493041992
2013-03-14,13.162586212158203
2013-03-15,13.502223014831543
2013-03-18,13.869254112243652
2013-03-19,13.831822395324707
2013-03-20,13.758476257324219
2013-03-21,13.778261184692383
2013-03-22,14.057639122009277
2013-03-25,14.108463287353516
2013-03-26,14.034208297729492
2013-03-27,13.758476257324219
2013-03-28,13.471792221069336
2013-04-01,13.053325653076172
2013-04-02,13.080109596252441
2013-04-03,13.147062301635742
2013-04-04,13.017110824584961
2013-04-05,12.879552841186523
2013-04-08,12.97115421295166
2013-04-09,12.994587898254395
2013-04-10,13.259665489196777
2013-04-11,13.218276023864746
2013-04-12,13.080414772033691
2013-04-15,12.777596473693848
2013-04-16,12.97206974029541
2013-04-17,12.258703231811523
2013-04-18,11.931538581848145
2013-04-19,11.885284423828125
2013-04-22,12.133007049560547
2013-04-23,12.36004638671875
2013-04-24,12.339654922485352
2013-04-25,12.428521156311035
2013-04-26,12.69694709777832
2013-04-29,13.090150833129883
2013-04-30,13.475441932678223
2013-05-01,13.36922836303711
2013-05-02,13.558833122253418
2013-05-03,13.694565773010254
2013-05-06,14.021121978759766
2013-05-07,13.95872974395752
2013-05-08,14.116374969482422
2013-05-09,13.993223190307617
2013-05-10,13.876810073852539
2013-05-13,13.931035995483398
2013-05-14,13.597722053527832
2013-05-15,13.137887001037598
2013-05-16,13.31342887878418
2013-05-17,13.272989273071289
2013-05-20,13.569232940673828
2013-05-21,13.469057083129883
2013-05-22,13.520829200744629
2013-05-23,13.545031547546387
2013-05-24,13.637243270874023
2013-05-28,13.523587226867676
2013-05-29,13.631114959716797
2013-05-30,13.834228515625
2013-05-31,13.777554512023926
2013-06-03,13.807880401611328
2013-06-04,13.764688491821289
2013-06-05,13.63602066040039
2013-06-06,13.432295799255371
2013-06-07,13.534924507141113
2013-06-10,13.445469856262207
2013-06-11,13.40594482421875
2013-06-12,13.240213394165039
2013-06-13,13.355704307556152
2013-06-14,13.174652099609375
2013-06-17,13.234389305114746
2013-06-18,13.227344512939453
2013-06-19,12.958678245544434
2013-06-20,12.769964218139648
2013-06-21,12.667641639709473
2013-06-24,12.331876754760742
2013-06-25,12.334636688232422
2013-06-26,12.194939613342285
2013-06-27,12.063517570495605
2013-06-28,12.1477632522583
2013-07-01,12.536524772644043
2013-07-02,12.82050895690918
2013-07-03,12.89127254486084
2013-07-05,12.787727355957031
2013-07-08,12.715124130249023
2013-07-09,12.938762664794922
2013-07-10,12.889131546020508
2013-07-11,13.090096473693848
2013-07-12,13.066203117370605
2013-07-15,13.094696044921875
2013-07-16,13.17924976348877
2013-07-17,13.182618141174316
2013-07-18,13.22704029083252
2013-07-19,13.01841926574707
2013-07-22,13.060078620910645
2013-07-23,12.835829734802246
2013-07-24,13.495095252990723
2013-07-25,13.433515548706055
2013-07-26,13.509801864624023
2013-07-29,13.718123435974121
2013-07-30,13.887537002563477
2013-07-31,13.86333179473877
2013-08-01,13.99046516418457
2013-08-02,14.169989585876465
2013-08-05,14.381672859191895
2013-08-06,14.253008842468262
2013-08-07,14.24474048614502
2013-08-08,14.216370582580566
2013-08-09,14.014076232910156
2013-08-12,14.412186622619629
2013-08-13,15.097086906433105
2013-08-14,15.372464179992676
2013-08-15,15.354270935058594
2013-08-16,15.490569114685059
2013-08-19,15.657403945922852
2013-08-20,15.451708793640137
2013-08-21,15.491498947143555
2013-08-22,15.510001182556152
2013-08-23,15.450178146362305
2013-08-26,15.510311126708984
2013-08-27,15.066863059997559
2013-08-28,15.13809871673584
2013-08-29,15.162773132324219
2013-08-30,15.024619102478027
2013-09-03,15.066559791564941
2013-09-04,15.37832260131836
2013-09-05,15.27286148071289
2013-09-06,15.363834381103516
2013-09-09,15.60898208618164
2013-09-10,15.253437042236328
2013-09-11,14.422983169555664
2013-09-12,14.57655143737793
2013-09-13,14.336321830749512
2013-09-16,13.880550384521484
2013-09-17,14.040904998779297
2013-09-18,14.329543113708496
2013-09-19,14.564525604248047
2013-09-20,14.413725852966309
2013-09-23,15.130080223083496
2013-09-24,15.082592964172363
2013-09-25,14.849156379699707
2013-09-26,14.993780136108398
2013-09-27,14.886773109436035
2013-09-30,14.701751708984375
2013-10-01,15.047441482543945
2013-10-02,15.09677791595459
2013-10-03,14.907129287719727
2013-10-04,14.89541244506836
2013-10-07,15.040966987609863
2013-10-08,14.830964088439941
2013-10-09,15.005189895629883
2013-10-10,15.0992431640625
2013-10-11,15.197002410888672
2013-10-14,15.296600341796875
2013-10-15,15.378013610839844
2013-10-16,15.452947616577148
2013-10-17,15.557486534118652
2013-10-18,15.692863464355469
2013-10-21,16.077411651611328
2013-10-22,16.031457901000977
2013-10-23,16.18842124938965
2013-10-24,16.402742385864258
2013-10-25,16.219263076782227
2013-10-28,16.34014129638672
2013-10-29,15.933085441589355
2013-10-30,16.186574935913086
2013-10-31,16.118722915649414
2013-11-01,16.036388397216797
2013-11-04,16.243619918823242
2013-11-05,16.203533172607422
2013-11-06,16.157630920410156
2013-11-07,15.896149635314941
2013-11-08,16.146465301513672
2013-11-11,16.099624633789062
2013-11-12,16.12940216064453
2013-11-13,16.148637771606445
2013-11-14,16.382190704345703
2013-11-15,16.283864974975586
2013-11-18,16.086605072021484
2013-11-19,16.115131378173828
2013-11-20,15.974005699157715
2013-11-21,16.16444969177246
2013-11-22,16.122886657714844
2013-11-25,16.245101928710938
2013-11-26,16.54472541809082
2013-11-27,16.934310913085938
2013-11-29,17.247896194458008
2013-12-02,17.097766876220703
2013-12-03,17.56582260131836
2013-12-04,17.524877548217773
2013-12-05,17.61483383178711
2013-12-06,17.37040901184082
2013-12-09,17.56923484802246
2013-12-10,17.54193878173828
2013-12-11,17.41197395324707
2013-12-12,17.38654327392578
2013-12-13,17.197021484375
2013-12-16,17.292245864868164
2013-12-17,17.214393615722656
2013-12-18,17.08349609375
2013-12-19,16.88777732849121
2013-12-20,17.029216766357422
2013-12-23,17.68276023864746
2013-12-24,17.60770034790039
2013-12-26,17.490760803222656
2013-12-27,17.37257957458496
2013-12-30,17.19981575012207
2013-12-31,17.40143394470215
2014-01-02,17.156709671020508
2014-01-03,16.779842376708984
2014-01-06,16.87134552001953
2014-01-07,16.750680923461914
2014-01-08,16.856765747070312
2014-01-09,16.64150047302246
2014-01-10,16.530458450317383
2014-01-13,16.61699867248535
2014-01-14,16.947635650634766
2014-01-15,17.287899017333984
2014-01-16,17.191438674926758
2014-01-17,16.770225524902344
2014-01-21,17.030773162841797
2014-01-22,17.106460571289062
2014-01-23,17.251298904418945
2014-01-24,16.93771743774414
2014-01-27,17.07512855529785
2014-01-28,15.710358619689941
2014-01-29,15.531999588012695
2014-01-30,15.501917839050293
2014-01-31,15.527351379394531
2014-02-03,15.556193351745605
2014-02-04,15.78138256072998
2014-02-05,15.899256706237793
2014-02-06,15.991928100585938
2014-02-07,16.215654373168945
2014-02-10,16.506155014038086
2014-02-11,16.72364044189453
2014-02-12,16.722393035888672
2014-02-13,16.987934112548828
2014-02-14,16.974205017089844
2014-02-18,17.036603927612305
2014-02-19,16.767641067504883
2014-02-20,16.573556900024414
2014-02-21,16.389453887939453
2014-02-24,16.461223602294922
2014-02-25,16.289920806884766
2014-02-26,16.142953872680664
2014-02-27,16.464963912963867
2014-02-28,16.420345306396484
2014-03-03,16.467771530151367
2014-03-04,16.576358795166016
2014-03-05,16.611312866210938
2014-03-06,16.56107521057129
2014-03-07,16.551395416259766
2014-03-10,16.566370010375977
2014-03-11,16.727689743041992
2014-03-12,16.743919372558594
2014-03-13,16.55795669555664
2014-03-14,16.371978759765625
2014-03-17,16.435943603515625
2014-03-18,16.581348419189453
2014-03-19,16.576988220214844
2014-03-20,16.497102737426758
2014-03-21,16.627220153808594
2014-03-24,16.824432373046875
2014-03-25,17.005403518676758
2014-03-26,16.842836380004883
2014-03-27,16.77044105529785
2014-03-28,16.751718521118164
2014-03-31,16.747976303100586
2014-04-01,16.901187896728516
2014-04-02,16.929277420043945
2014-04-03,16.811941146850586
2014-04-04,16.594451904296875
2014-04-07,16.333906173706055
2014-04-08,16.332977294921875
2014-04-09,16.547658920288086
2014-04-10,16.334228515625
2014-04-11,16.213470458984375
2014-04-14,16.278066635131836
2014-04-15,16.1619873046875
2014-04-16,16.194744110107422
2014-04-17,16.379783630371094
2014-04-21,16.57417106628418
2014-04-22,16.59071159362793
2014-04-23,16.373851776123047
2014-04-24,17.716215133666992
2014-04-25,17.84632682800293
2014-04-28,18.537485122680664
2014-04-29,18.482561111450195
2014-04-30,18.412662506103516
2014-05-01,18.456035614013672
2014-05-02,18.490352630615234
2014-05-05,18.751840591430664
2014-05-06,18.54746437072754
2014-05-07,18.482561111450195
2014-05-08,18.44961929321289
2014-05-09,18.37274169921875
2014-05-12,18.601482391357422
2014-05-13,18.630659103393555
2014-05-14,18.63411521911621
2014-05-15,18.475650787353516
2014-05-16,18.748329162597656
2014-05-19,18.970483779907227
2014-05-20,18.97425079345703
2014-05-21,19.02445411682129
2014-05-22,19.054574966430664
2014-05-23,19.269821166992188
2014-05-27,19.630661010742188
2014-05-28,19.5798282623291
2014-05-29,19.936594009399414
2014-05-30,19.861915588378906
2014-06-02,19.72542953491211
2014-06-03,20.004371643066406
2014-06-04,20.232797622680664
2014-06-05,20.31218147277832
2014-06-06,20.256324768066406
2014-06-09,20.5804500579834
2014-06-10,20.701257705688477
2014-06-11,20.615602493286133
2014-06-12,20.2707576751709
2014-06-13,20.048917770385742
2014-06-16,20.25098991394043
2014-06-17,20.224634170532227
2014-06-18,20.246604919433594
2014-06-19,20.17632293701172
2014-06-20,19.967655181884766
2014-06-23,19.950082778930664
2014-06-24,19.829282760620117
2014-06-25,19.846858978271484
2014-06-26,19.96546173095703
2014-06-27,20.202674865722656
2014-06-30,20.411333084106445
2014-07-01,20.540918350219727
2014-07-02,20.532135009765625
2014-07-03,20.652936935424805
2014-07-07,21.07904052734375
2014-07-08,20.942869186401367
2014-07-09,20.951648712158203
2014-07-10,20.874778747558594
2014-07-11,20.914310455322266
2014-07-14,21.184473037719727
2014-07-15,20.936279296875
2014-07-16,20.817668914794922
2014-07-17,20.446474075317383
2014-07-18,20.740795135498047
2014-07-21,20.633174896240234
2014-07-22,20.80449104309082
2014-07-23,21.34701156616211
2014-07-24,21.311872482299805
2014-07-25,21.45243263244629
2014-07-28,21.748952865600586
2014-07-29,21.608381271362305
2014-07-30,21.557859420776367
2014-07-31,20.997770309448242
2014-08-01,21.114187240600586
2014-08-04,20.995582580566406
2014-08-05,20.89234733581543
2014-08-06,20.857210159301758
2014-08-07,20.85500144958496
2014-08-08,20.912389755249023
2014-08-11,21.18830680847168
2014-08-12,21.183895111083984
2014-08-13,21.464231491088867
2014-08-14,21.521608352661133
2014-08-15,21.627567291259766
2014-08-18,21.888036727905273
2014-08-19,22.190439224243164
2014-08-20,22.19926643371582
2014-08-21,22.201478958129883
2014-08-22,22.36482048034668
2014-08-25,22.41338539123535
2014-08-26,22.26990509033203
2014-08-27,22.54361343383789
2014-08-28,22.570104598999023
2014-08-29,22.62528419494629
2014-09-02,22.8018798828125
2014-09-03,21.839473724365234
2014-09-04,21.658479690551758
2014-09-05,21.84609603881836
2014-09-08,21.711448669433594
2014-09-09,21.629776000976562
2014-09-10,22.294191360473633
2014-09-11,22.38910675048828
2014-09-12,22.439876556396484
2014-09-15,22.433246612548828
2014-09-16,22.263288497924805
2014-09-17,22.422218322753906
2014-09-18,22.46857261657715
2014-09-19,22.285356521606445
2014-09-22,22.307430267333984
2014-09-23,22.65619468688965
2014-09-24,22.459732055664062
2014-09-25,21.603290557861328
2014-09-26,22.238998413085938
2014-09-29,22.097740173339844
2014-09-30,22.238998413085938
2014-10-01,21.892454147338867
2014-10-02,22.051382064819336
2014-10-03,21.989574432373047
2014-10-06,21.989574432373047
2014-10-07,21.79754066467285
2014-10-08,22.25004768371582
2014-10-09,22.298603057861328
2014-10-10,22.234586715698242
2014-10-13,22.03151512145996
2014-10-14,21.79754066467285
2014-10-15,21.53045082092285
2014-10-16,21.247907638549805
2014-10-17,21.559144973754883
2014-10-20,22.02047348022461
2014-10-21,22.618661880493164
2014-10-22,22.73344612121582
2014-10-23,23.139598846435547
2014-10-24,23.225688934326172
2014-10-27,23.201414108276367
2014-10-28,23.561199188232422
2014-10-29,23.693641662597656
2014-10-30,23.614179611206055
2014-10-31,23.839330673217773
2014-11-03,24.148357391357422
2014-11-04,23.971763610839844
2014-11-05,24.029159545898438
2014-11-06,24.097883224487305
2014-11-07,24.16660499572754
2014-11-10,24.1267032623291
2014-11-11,24.319578170776367
2014-11-12,24.6632022857666
2014-11-13,25.011249542236328
2014-11-14,25.31275177001953
2014-11-17,25.270633697509766
2014-11-18,25.598739624023438
2014-11-19,25.421384811401367
2014-11-20,25.78495979309082
2014-11-21,25.8204288482666
2014-11-24,26.29928970336914
2014-11-25,26.070940017700195
2014-11-26,26.381309509277344
2014-11-28,26.36578941345215
2014-12-01,25.510059356689453
2014-12-02,25.412513732910156
2014-12-03,25.700712203979492
2014-12-04,25.603174209594727
2014-12-05,25.494544982910156
2014-12-08,24.91814613342285
2014-12-09,25.29945945739746
2014-12-10,24.81839370727539
2014-12-11,24.74522590637207
2014-12-12,24.326231002807617
2014-12-15,23.993688583374023
2014-12-16,23.66558265686035
2014-12-17,24.25528335571289
2014-12-18,24.973573684692383
2014-12-19,24.780698776245117
2014-12-22,25.037858963012695
2014-12-23,24.94917869567871
2014-12-24,24.83168601989746
2014-12-26,25.270633697509766
2014-12-29,25.252899169921875
2014-12-30,24.944753646850586
2014-12-31,24.470321655273438
2015-01-02,24.2375545501709
2015-01-05,23.55474281311035
2015-01-06,23.556957244873047
2015-01-07,23.887271881103516
2015-01-08,24.80508041381836
2015-01-09,24.83168601989746
2015-01-12,24.219812393188477
2015-01-13,24.434852600097656
2015-01-14,24.34174346923828
2015-01-15,23.68110466003418
2015-01-16,23.49710464477539
2015-01-20,24.102317810058594
2015-01-21,24.28631591796875
2015-01-22,24.91814613342285
2015-01-23,25.046722412109375
2015-01-26,25.073328018188477
2015-01-27,24.195430755615234
2015-01-28,25.563268661499023
2015-01-29,26.359140396118164
2015-01-30,25.97339630126953
2015-02-02,26.29928970336914
2015-02-03,26.30371856689453
2015-02-04,26.505455017089844
2015-02-05,26.694637298583984
2015-02-06,26.469846725463867
2015-02-09,26.645671844482422
2015-02-10,27.157573699951172
2015-02-11,27.794116973876953
2015-02-12,28.14577293395996
2015-02-13,28.283761978149414
2015-02-17,28.4506893157959
2015-02-18,28.648775100708008
2015-02-19,28.588674545288086
2015-02-20,28.822370529174805
2015-02-23,29.60135841369629
2015-02-24,29.4166316986084
2015-02-25,28.664352416992188
2015-02-26,29.027141571044922
2015-02-27,28.590906143188477
2015-03-02,28.731121063232422
2015-03-03,28.791213989257812
2015-03-04,28.60871696472168
2015-03-05,28.1346492767334
2015-03-06,28.176925659179688
2015-03-09,28.297115325927734
2015-03-10,27.711769104003906
2015-03-11,27.20654296875
2015-03-12,27.698410034179688
2015-03-13,27.50700569152832
2015-03-16,27.809701919555664
2015-03-17,28.27486801147461
2015-03-18,28.5931339263916
2015-03-19,28.37723731994629
2015-03-20,28.021142959594727
2015-03-23,28.312694549560547
2015-03-24,28.196962356567383
2015-03-25,27.460264205932617
2015-03-26,27.65167236328125
2015-03-27,27.43134117126465
2015-03-30,28.125741958618164
2015-03-31,27.69396209716797
2015-04-01,27.653900146484375
2015-04-02,27.892045974731445
2015-04-06,28.343854904174805
2015-04-07,28.045618057250977
2015-04-08,27.954364776611328
2015-04-09,28.16802978515625
2015-04-10,28.28822135925293
2015-04-13,28.23257827758789
2015-04-14,28.11016082763672
2015-04-15,28.216989517211914
2015-04-16,28.081226348876953
2015-04-17,27.765180587768555
2015-04-20,28.39949607849121
2015-04-21,28.245929718017578
2015-04-22,28.62652015686035
2015-04-23,28.860212326049805
2015-04-24,28.99597930908203
2015-04-27,29.523456573486328
2015-04-28,29.058303833007812
2015-04-29,28.630971908569336
2015-04-30,27.854211807250977
2015-05-01,28.699960708618164
2015-05-04,28.644325256347656
2015-05-05,27.998882293701172
2015-05-06,27.823055267333984
2015-05-07,27.995147705078125
2015-05-08,28.522594451904297
2015-05-11,28.232046127319336
2015-05-12,28.131479263305664
2015-05-13,28.162769317626953
2015-05-14,28.819843292236328
2015-05-15,28.779613494873047
2015-05-18,29.096982955932617
2015-05-19,29.070161819458008
2015-05-20,29.067930221557617
2015-05-21,29.36517906188965
2015-05-22,29.6221923828125
2015-05-26,28.969587326049805
2015-05-27,29.510446548461914
2015-05-28,29.45233917236328
2015-05-29,29.117097854614258
2015-06-01,29.175199508666992
2015-06-02,29.045583724975586
2015-06-03,29.08133888244629
2015-06-04,28.911474227905273
2015-06-05,28.752790451049805
2015-06-08,28.562829971313477
2015-06-09,28.477895736694336
2015-06-10,28.804201126098633
2015-06-11,28.7393856048584
2015-06-12,28.422021865844727
2015-06-15,28.366147994995117
2015-06-16,28.518129348754883
2015-06-17,28.451078414916992
2015-06-18,28.580705642700195
2015-06-19,28.294626235961914
2015-06-22,28.520355224609375
2015-06-23,28.390729904174805
2015-06-24,28.63210678100586
2015-06-25,28.49577522277832
2015-06-26,28.328149795532227
2015-06-29,27.831993103027344
2015-06-30,28.033145904541016
2015-07-01,28.294626235961914
2015-07-02,28.258874893188477
2015-07-06,28.160526275634766
2015-07-07,28.091245651245117
2015-07-08,27.393938064575195
2015-07-09,26.835205078125
2015-07-10,27.5526180267334
2015-07-13,28.08454704284668
2015-07-14,28.07337188720703
2015-07-15,28.343795776367188
2015-07-16,28.721508026123047
2015-07-17,28.969587326049805
2015-07-20,29.517162322998047
2015-07-21,29.222137451171875
2015-07-22,27.986204147338867
2015-07-23,27.972793579101562
2015-07-24,27.825288772583008
2015-07-27,27.438642501831055
2015-07-28,27.574970245361328
2015-07-29,27.487810134887695
2015-07-30,27.349241256713867
2015-07-31,27.110097885131836
2015-08-03,26.470897674560547
2015-08-04,25.621610641479492
2015-08-05,25.791467666625977
2015-08-06,25.847591400146484
2015-08-07,25.93515396118164
2015-08-10,26.878084182739258
2015-08-11,25.479400634765625
2015-08-12,25.872289657592773
2015-08-13,25.85208511352539
2015-08-14,26.03394317626953
2015-08-17,26.303354263305664
2015-08-18,26.155174255371094
2015-08-19,25.820653915405273
2015-08-20,25.290815353393555
2015-08-21,23.743959426879883
2015-08-24,23.151264190673828
2015-08-25,23.29045295715332
2015-08-26,24.62627410888672
2015-08-27,25.351436614990234
2015-08-28,25.434494018554688
2015-08-31,25.31551742553711
2015-09-01,24.18399429321289
2015-09-02,25.221223831176758
2015-09-03,24.77894401550293
2015-09-04,24.531982421875
2015-09-08,25.214479446411133
2015-09-09,24.729543685913086
2015-09-10,25.27285385131836
2015-09-11,25.64104461669922
2015-09-14,25.88800811767578
2015-09-15,26.10577964782715
2015-09-16,26.134963989257812
2015-09-17,25.575946807861328
2015-09-18,25.470422744750977
2015-09-21,25.865558624267578
2015-09-22,25.459199905395508
2015-09-23,25.66574478149414
2015-09-24,25.81841278076172
2015-09-25,25.753305435180664
2015-09-28,25.24367332458496
2015-09-29,24.484834671020508
2015-09-30,24.763229370117188
2015-10-01,24.60158348083496
2015-10-02,24.781177520751953
2015-10-05,24.870990753173828
2015-10-06,24.989973068237305
2015-10-07,24.870990753173828
2015-10-08,24.583620071411133
2015-10-09,25.171833038330078
2015-10-12,25.05508041381836
2015-10-13,25.09774398803711
2015-10-14,24.743017196655273
2015-10-15,25.113460540771484
2015-10-16,24.929363250732422
2015-10-19,25.08426856994629
2015-10-20,25.542261123657227
2015-10-21,25.540027618408203
2015-10-22,25.93067169189453
2015-10-23,26.734399795532227
2015-10-26,25.88127326965332
2015-10-27,25.717384338378906
2015-10-28,26.77705955505371
2015-10-29,27.059938430786133
2015-10-30,26.82869529724121
2015-11-02,27.20587158203125
2015-11-03,27.517940521240234
2015-11-04,27.389972686767578
2015-11-05,27.26370620727539
2015-11-06,27.295270919799805
2015-11-09,27.184785842895508
2015-11-10,26.328006744384766
2015-11-11,26.17919921875
2015-11-12,26.091266632080078
2015-11-13,25.329177856445312
2015-11-16,25.74404525756836
2015-11-17,25.633560180664062
2015-11-18,26.445249557495117
2015-11-19,26.781206130981445
2015-11-20,26.898441314697266
2015-11-23,26.548967361450195
2015-11-24,26.803747177124023
2015-11-25,26.612098693847656
2015-11-27,26.562496185302734
2015-11-30,26.672975540161133
2015-12-01,26.456518173217773
2015-12-02,26.217525482177734
2015-12-03,25.974023818969727
2015-12-04,26.83756446838379
2015-12-07,26.6684627532959
2015-12-08,26.657194137573242
2015-12-09,26.068721771240234
2015-12-10,26.192726135253906
2015-12-11,25.518571853637695
2015-12-14,25.360746383666992
2015-12-15,24.912063598632812
2015-12-16,25.10371208190918
2015-12-17,24.571609497070312
2015-12-18,23.906465530395508
2015-12-21,24.1995849609375
2015-12-22,24.177026748657227
2015-12-23,24.488183975219727
2015-12-24,24.357410430908203
2015-12-28,24.084592819213867
2015-12-29,24.517492294311523
2015-12-30,24.197324752807617
2015-12-31,23.732858657836914
2016-01-04,23.753150939941406
2016-01-05,23.157913208007812
2016-01-06,22.704729080200195
2016-01-07,21.74648094177246
2016-01-08,21.86146354675293
2016-01-11,22.2154598236084
2016-01-12,22.53787612915039
2016-01-13,21.958419799804688
2016-01-14,22.438671112060547
2016-01-15,21.899791717529297
2016-01-19,21.793825149536133
2016-01-20,21.823135375976562
2016-01-21,21.71265983581543
2016-01-22,22.867061614990234
2016-01-25,22.420637130737305
2016-01-26,22.544639587402344
2016-01-27,21.063310623168945
2016-01-28,21.214374542236328
2016-01-29,21.947139739990234
2016-02-01,21.74197006225586
2016-02-02,21.30230712890625
2016-02-03,21.72393035888672
2016-02-04,21.898488998413086
2016-02-05,21.313613891601562
2016-02-08,21.538040161132812
2016-02-09,21.53350830078125
2016-02-10,21.37029457092285
2016-02-11,21.241071701049805
2016-02-12,21.306812286376953
2016-02-16,21.907546997070312
2016-02-17,22.243057250976562
2016-02-18,21.8214054107666
2016-02-19,21.77153968811035
2016-02-22,21.96196174621582
2016-02-23,21.46550941467285
2016-02-24,21.785133361816406
2016-02-25,21.93475341796875
2016-02-26,21.968759536743164
2016-02-29,21.918888092041016
2016-03-01,22.789384841918945
2016-03-02,22.839263916015625
2016-03-03,23.0092830657959
2016-03-04,23.351585388183594
2016-03-07,23.093149185180664
2016-03-08,22.90273094177246
2016-03-09,22.92313575744629
2016-03-10,22.93446922302246
2016-03-11,23.18155860900879
2016-03-14,23.240501403808594
2016-03-15,23.707489013671875
2016-03-16,24.022592544555664
2016-03-17,23.984054565429688
2016-03-18,24.011253356933594
2016-03-21,24.008995056152344
2016-03-22,24.192611694335938
2016-03-23,24.05886459350586
2016-03-24,23.954586029052734
2016-03-28,23.84576988220215
2016-03-29,24.410234451293945
2016-03-30,24.836414337158203
2016-03-31,24.70720100402832
2016-04-01,24.933889389038086
2016-04-04,25.190059661865234
2016-04-05,24.893091201782227
2016-04-06,25.153789520263672
2016-04-07,24.605192184448242
2016-04-08,24.632400512695312
2016-04-11,24.714000701904297
2016-04-12,25.035907745361328
2016-04-13,25.39861297607422
2016-04-14,25.412216186523438
2016-04-15,24.90216064453125
2016-04-18,24.364896774291992
2016-04-19,24.235681533813477
2016-04-20,24.28555679321289
2016-04-21,24.022592544555664
2016-04-22,23.956851959228516
2016-04-25,23.820833206176758
2016-04-26,23.655349731445312
2016-04-27,22.175046920776367
2016-04-28,21.497234344482422
2016-04-29,21.250146865844727
2016-05-02,21.227479934692383
2016-05-03,21.576583862304688
2016-05-04,21.352148056030273
2016-05-05,21.265483856201172
2016-05-06,21.146892547607422
2016-05-09,21.162853240966797
2016-05-10,21.30654525756836
2016-05-11,21.098995208740234
2016-05-12,20.60407829284668
2016-05-13,20.6451358795166
2016-05-16,21.411457061767578
2016-05-17,21.322509765625
2016-05-18,21.566543579101562
2016-05-19,21.48444175720215
2016-05-20,21.717065811157227
2016-05-23,21.993038177490234
2016-05-24,22.328304290771484
2016-05-25,22.720596313476562
2016-05-26,22.900768280029297
2016-05-27,22.887083053588867
2016-05-31,22.775331497192383
2016-06-01,22.45602798461914
2016-06-02,22.287260055541992
2016-06-03,22.332866668701172
2016-06-06,22.494794845581055
2016-06-07,22.58603286743164
2016-06-08,22.565500259399414
2016-06-09,22.72743034362793
2016-06-10,22.540414810180664
2016-06-13,22.200580596923828
2016-06-14,22.22796058654785
2016-06-15,22.15496826171875
2016-06-16,22.24848747253418
2016-06-17,21.74216079711914
2016-06-20,21.6897029876709
2016-06-21,21.87444496154785
2016-06-22,21.792339324951172
2016-06-23,21.91777229309082
2016-06-24,21.301977157592773
2016-06-27,20.991806030273438
2016-06-28,21.345314025878906
2016-06-29,21.530052185058594
2016-06-30,21.803743362426758
2016-07-01,21.8698787689209
2016-07-05,21.66461753845215
2016-07-06,21.78776741027832
2016-07-07,21.881284713745117
2016-07-08,22.050058364868164
2016-07-11,22.118478775024414
2016-07-12,22.21883201599121
2016-07-13,22.093393325805664
2016-07-14,22.531286239624023
2016-07-15,22.529010772705078
2016-07-18,22.768489837646484
2016-07-19,22.777610778808594
2016-07-20,22.798133850097656
2016-07-21,22.67725372314453
2016-07-22,22.50164031982422
2016-07-25,22.200580596923828
2016-07-26,22.047779083251953
2016-07-27,23.480072021484375
2016-07-28,23.79709243774414
2016-07-29,23.767440795898438
2016-08-01,24.18709945678711
2016-08-02,23.829025268554688
2016-08-03,24.127798080444336
2016-08-04,24.27684783935547
2016-08-05,24.646038055419922
2016-08-08,24.850120544433594
2016-08-09,24.95101547241211
2016-08-10,24.765274047851562
2016-08-11,24.749225616455078
2016-08-12,24.806554794311523
2016-08-15,25.104658126831055
2016-08-16,25.081716537475586
2016-08-17,25.045028686523438
2016-08-18,25.0129337310791
2016-08-19,25.077131271362305
2016-08-22,24.882221221923828
2016-08-23,24.960186004638672
2016-08-24,24.772159576416016
2016-08-25,24.66667938232422
2016-08-26,24.522212982177734
2016-08-29,24.494691848754883
2016-08-30,24.306659698486328
2016-08-31,24.32958984375
2016-09-01,24.474056243896484
2016-09-02,24.703365325927734
2016-09-06,24.69647789001465
2016-09-07,24.847824096679688
2016-09-08,24.196590423583984
2016-09-09,23.64854621887207
2016-09-12,24.17824935913086
2016-09-13,24.753812789916992
2016-09-14,25.629764556884766
2016-09-15,26.50113868713379
2016-09-16,26.35208511352539
2016-09-19,26.044809341430664
2016-09-20,26.042518615722656
2016-09-21,26.03793716430664
2016-09-22,26.283296585083008
2016-09-23,25.845314025878906
2016-09-26,25.884296417236328
2016-09-27,25.932456970214844
2016-09-28,26.129653930664062
2016-09-29,25.723783493041992
2016-09-30,25.92328453063965
2016-10-03,25.801748275756836
2016-10-04,25.91181755065918
2016-10-05,25.92328453063965
2016-10-06,26.115901947021484
2016-10-07,26.154878616333008
2016-10-10,26.6112060546875
2016-10-11,26.668529510498047
2016-10-12,26.907014846801758
2016-10-13,26.8244571685791
2016-10-14,26.973512649536133
2016-10-17,26.955167770385742
2016-10-18,26.936817169189453
2016-10-19,26.856565475463867
2016-10-20,26.842809677124023
2016-10-21,26.737327575683594
2016-10-24,26.978092193603516
2016-10-25,27.115686416625977
2016-10-26,26.505725860595703
2016-10-27,26.25118637084961
2016-10-28,26.076919555664062
2016-10-31,26.035640716552734
2016-11-01,25.56555938720703
2016-11-02,25.5884952545166
2016-11-03,25.314218521118164
2016-11-04,25.08603286743164
2016-11-07,25.447895050048828
2016-11-08,25.59770965576172
2016-11-09,25.55622100830078
2016-11-10,24.844024658203125
2016-11-11,24.99153709411621
2016-11-14,24.36461639404297
2016-11-15,24.68729591369629
2016-11-16,25.351093292236328
2016-11-17,25.34187126159668
2016-11-18,25.36722183227539
2016-11-21,25.752132415771484
2016-11-22,25.768272399902344
2016-11-23,25.63689613342285
2016-11-25,25.765968322753906
2016-11-28,25.715255737304688
2016-11-29,25.689903259277344
2016-11-30,25.473251342773438
2016-12-01,25.235851287841797
2016-12-02,25.33035659790039
2016-12-05,25.14826774597168
2016-12-06,25.34187126159668
2016-12-07,25.590795516967773
2016-12-08,25.84202766418457
2016-12-09,26.263809204101562
2016-12-12,26.114002227783203
2016-12-13,26.54961395263672
2016-12-14,26.54961395263672
2016-12-15,26.694822311401367
2016-12-16,26.72939109802246
2016-12-19,26.88381576538086
2016-12-20,26.95526695251465
2016-12-21,26.980627059936523
2016-12-22,26.803150177001953
2016-12-23,26.856159210205078
2016-12-27,27.026716232299805
2016-12-28,26.91147804260254
2016-12-29,26.904569625854492
2016-12-30,26.694822311401367
2017-01-03,26.770885467529297
2017-01-04,26.740921020507812
2017-01-05,26.876903533935547
2017-01-06,27.176538467407227
2017-01-09,27.425457000732422
2017-01-10,27.453121185302734
2017-01-11,27.600622177124023
2017-01-12,27.485383987426758
2017-01-13,27.436983108520508
2017-01-17,27.658252716064453
2017-01-18,27.655948638916016
2017-01-19,27.607540130615234
2017-01-20,27.658252716064453
2017-01-23,27.676694869995117
2017-01-24,27.651336669921875
2017-01-25,28.091571807861328
2017-01-26,28.10539436340332
2017-01-27,28.107694625854492
2017-01-30,28.033946990966797
2017-01-31,27.969406127929688
2017-02-01,29.67499542236328
2017-02-02,29.624290466308594
2017-02-03,29.751062393188477
2017-02-06,30.029943466186523
2017-02-07,30.315752029418945
2017-02-08,30.433298110961914
2017-02-09,30.653209686279297
2017-02-10,30.583765029907227
2017-02-13,30.85460090637207
2017-02-14,31.255054473876953
2017-02-15,31.368494033813477
2017-02-16,31.331459045410156
2017-02-17,31.417110443115234
2017-02-21,31.64396095275879
2017-02-22,31.738868713378906
2017-02-23,31.604602813720703
2017-02-24,31.634702682495117
2017-02-27,31.69719886779785
2017-02-28,31.711082458496094
2017-03-01,32.3592529296875
2017-03-02,32.16712188720703
2017-03-03,32.356929779052734
2017-03-06,32.25507736206055
2017-03-07,32.296749114990234
2017-03-08,32.1763801574707
2017-03-09,32.102294921875
2017-03-10,32.20878219604492
2017-03-13,32.22267150878906
2017-03-14,32.1740608215332
2017-03-15,32.51434326171875
2017-03-16,32.567588806152344
2017-03-17,32.40554428100586
2017-03-20,32.74583053588867
2017-03-21,32.37081527709961
2017-03-22,32.73655319213867
2017-03-23,32.62081527709961
2017-03-24,32.55601501464844
2017-03-27,32.611572265625
2017-03-28,33.287513732910156
2017-03-29,33.361568450927734
2017-03-30,33.31759262084961
2017-03-31,33.25509262084961
2017-04-03,33.26435852050781
2017-04-04,33.51204299926758
2017-04-05,33.33842849731445
2017-04-06,33.25509262084961
2017-04-07,33.18101501464844
2017-04-10,33.14167022705078
2017-04-11,32.78517532348633
2017-04-12,32.824527740478516
2017-04-13,32.650917053222656
2017-04-17,32.831478118896484
2017-04-18,32.68564224243164
2017-04-19,32.565269470214844
2017-04-20,32.97268295288086
2017-04-21,32.933326721191406
2017-04-24,33.25048065185547
2017-04-25,33.45648956298828
2017-04-26,33.25971984863281
2017-04-27,33.28519821166992
2017-04-28,33.252777099609375
2017-05-01,33.931026458740234
2017-05-02,34.14630889892578
2017-05-03,34.04212951660156
2017-05-04,33.91945266723633
2017-05-05,34.48197937011719
2017-05-08,35.419471740722656
2017-05-09,35.646324157714844
2017-05-10,35.477352142333984
2017-05-11,35.78416061401367
2017-05-12,36.28391647338867
2017-05-15,36.19093322753906
2017-05-16,36.13749694824219
2017-05-17,34.92413330078125
2017-05-18,35.456424713134766
2017-05-19,35.57728958129883
2017-05-22,35.793453216552734
2017-05-23,35.74930953979492
2017-05-24,35.64238357543945
2017-05-25,35.765567779541016
2017-05-26,35.705135345458984
2017-05-30,35.71908187866211
2017-05-31,35.507564544677734
2017-06-01,35.605186462402344
2017-06-02,36.13283157348633
2017-06-05,35.77951431274414
2017-06-06,35.90038299560547
2017-06-07,36.1142463684082
2017-06-08,36.02590560913086
2017-06-09,34.628929138183594
2017-06-12,33.801456451416016
2017-06-13,34.07340621948242
2017-06-14,33.74102020263672
2017-06-15,33.538787841796875
2017-06-16,33.06925964355469
2017-06-19,34.01530075073242
2017-06-20,33.706153869628906
2017-06-21,33.90604782104492
2017-06-22,33.85026931762695
2017-06-23,34.00135803222656
2017-06-26,33.894439697265625
2017-06-27,33.408626556396484
2017-06-28,33.89675521850586
2017-06-29,33.39699935913086
2017-06-30,33.476036071777344
2017-07-03,33.355167388916016
2017-07-05,33.49231719970703
2017-07-06,33.17619323730469
2017-07-07,33.51322555541992
2017-07-10,33.7177734375
2017-07-11,33.82701873779297
2017-07-12,33.87583541870117
2017-07-13,34.347679138183594
2017-07-14,34.64289093017578
2017-07-17,34.76375198364258
2017-07-18,34.88462448120117
2017-07-19,35.103126525878906
2017-07-20,34.94505310058594
2017-07-21,34.92879104614258
2017-07-24,35.35183334350586
2017-07-25,35.50291061401367
2017-07-26,35.67027282714844
2017-07-27,34.996192932128906
2017-07-28,34.74980545043945
2017-07-31,34.57084274291992
2017-08-01,34.87764358520508
2017-08-02,36.52565383911133
2017-08-03,36.16071319580078
2017-08-04,36.35132598876953
2017-08-07,36.91382598876953
2017-08-08,37.20903396606445
2017-08-09,37.43681335449219
2017-08-10,36.244384765625
2017-08-11,36.7484245300293
2017-08-14,37.30146789550781
2017-08-15,37.7098503112793
2017-08-16,37.55815887451172
2017-08-17,36.83710479736328
2017-08-18,36.753082275390625
2017-08-21,36.6854362487793
2017-08-22,37.285133361816406
2017-08-23,37.33180618286133
2017-08-24,37.16613006591797
2017-08-25,37.30380630493164
2017-08-28,37.67951202392578
2017-08-29,38.01553726196289
2017-08-30,38.118202209472656
2017-08-31,38.269893646240234
2017-09-01,38.28153991699219
2017-09-05,37.82184982299805
2017-09-06,37.78217315673828
2017-09-07,37.63050079345703
2017-09-08,37.01679611206055
2017-09-11,37.6865119934082
2017-09-12,37.53717803955078
2017-09-13,37.254798889160156
2017-09-14,36.93510437011719
2017-09-15,37.308475494384766
2017-09-18,37.026119232177734
2017-09-19,37.04011535644531
2017-09-20,36.41939926147461
2017-09-21,35.79401779174805
2017-09-22,35.44397735595703
2017-09-25,35.13130569458008
2017-09-26,35.73567199707031
2017-09-27,35.990020751953125
2017-09-28,35.76834487915039
2017-09-29,35.96435546875
2017-10-02,35.892024993896484
2017-10-03,36.04837417602539
2017-10-04,35.81500244140625
2017-10-05,36.260719299316406
2017-10-06,36.23971939086914
2017-10-09,36.36572265625
2017-10-10,36.379730224609375
2017-10-11,36.53141403198242
2017-10-12,36.40306854248047
2017-10-13,36.63407897949219
2017-10-16,37.308475494384766
2017-10-17,37.44615173339844
2017-10-18,37.28047180175781
2017-10-19,36.39839172363281
2017-10-20,36.46139144897461
2017-10-23,36.44273376464844
2017-10-24,36.659751892089844
2017-10-25,36.49872589111328
2017-10-26,36.73209762573242
2017-10-27,38.048213958740234
2017-10-30,38.90460205078125
2017-10-31,39.44599151611328
2017-11-01,38.94428634643555
2017-11-02,39.228973388671875
2017-11-03,40.253387451171875
2017-11-06,40.6617431640625
2017-11-07,40.79243087768555
2017-11-08,41.126129150390625
2017-11-09,41.042118072509766
2017-11-10,40.90629577636719
2017-11-13,40.74235534667969
2017-11-14,40.126426696777344
2017-11-15,39.59716796875
2017-11-16,40.07022476196289
2017-11-17,39.84772491455078
2017-11-20,39.80793380737305
2017-11-21,40.54798126220703
2017-11-22,40.974212646484375
2017-11-24,40.976539611816406
2017-11-27,40.77046203613281
2017-11-28,40.53158187866211
2017-11-29,39.69083023071289
2017-11-30,40.245872497558594
2017-12-01,40.05851364135742
2017-12-04,39.765785217285156
2017-12-05,39.728309631347656
2017-12-06,39.58076095581055
2017-12-07,39.65336608886719
2017-12-08,39.66507339477539
2017-12-11,40.43790817260742
2017-12-12,40.21074676513672
2017-12-13,40.344234466552734
2017-12-14,40.33251190185547
2017-12-15,40.74235534667969
2017-12-18,41.31612777709961
2017-12-19,40.8758430480957
2017-12-20,40.83134841918945
2017-12-21,40.985923767089844
2017-12-22,40.985923767089844
2017-12-26,39.946109771728516
2017-12-27,39.9531364440918
2017-12-28,40.065547943115234
2017-12-29,39.63228988647461
2018-01-02,40.341888427734375
2018-01-03,40.334861755371094
2018-01-04,40.522216796875
2018-01-05,40.983577728271484
2018-01-08,40.83134841918945
2018-01-09,40.82666778564453
2018-01-10,40.81730651855469
2018-01-11,41.04914855957031
2018-01-12,41.4730339050293
2018-01-16,41.26227569580078
2018-01-17,41.94376754760742
2018-01-18,41.98124694824219
2018-01-19,41.793880462646484
2018-01-22,41.451961517333984
2018-01-23,41.46131896972656
2018-01-24,40.800907135009766
2018-01-25,40.07256317138672
2018-01-26,40.16624069213867
2018-01-29,39.334869384765625
2018-01-30,39.10300827026367
2018-01-31,39.21073913574219
2018-02-01,39.2927131652832
2018-02-02,37.587791442871094
2018-02-05,36.64868927001953
2018-02-06,38.180294036865234
2018-02-07,37.36294937133789
2018-02-08,36.334869384765625
2018-02-09,36.779296875
2018-02-12,38.260711669921875
2018-02-13,38.64399337768555
2018-02-14,39.356510162353516
2018-02-15,40.678016662597656
2018-02-16,40.546329498291016
2018-02-20,40.40995788574219
2018-02-21,40.2265510559082
2018-02-22,40.562808990478516
2018-02-23,41.26823806762695
2018-02-26,42.084197998046875
2018-02-27,41.947818756103516
2018-02-28,41.88433074951172
2018-03-01,41.150665283203125
2018-03-02,41.43519973754883
2018-03-05,41.578636169433594
2018-03-06,41.54336929321289
2018-03-07,41.15772247314453
2018-03-08,41.60686111450195
2018-03-09,42.32169723510742
2018-03-12,42.73085021972656
2018-03-13,42.3193473815918
2018-03-14,41.95956039428711
2018-03-15,42.00894546508789
2018-03-16,41.860816955566406
2018-03-19,41.22120666503906
2018-03-20,41.20710372924805
2018-03-21,40.27357482910156
2018-03-22,39.70451736450195
2018-03-23,38.78508758544922
2018-03-26,40.626285552978516
2018-03-27,39.584590911865234
2018-03-28,39.147212982177734
2018-03-29,39.45290756225586
2018-04-02,39.19424057006836
2018-04-03,39.596336364746094
2018-04-04,40.3535270690918
2018-04-05,40.63334274291992
2018-04-06,39.593997955322266
2018-04-09,39.9866943359375
2018-04-10,40.73916244506836
2018-04-11,40.54869842529297
2018-04-12,40.948455810546875
2018-04-13,41.08717727661133
2018-04-16,41.3434944152832
2018-04-17,41.912540435791016
2018-04-18,41.8184814453125
2018-04-19,40.63334274291992
2018-04-20,38.968505859375
2018-04-23,38.85564041137695
2018-04-24,38.31479263305664
2018-04-25,38.48176193237305
2018-04-26,38.61578369140625
2018-04-27,38.16901397705078
2018-04-30,38.8603401184082
2018-05-01,39.763309478759766
2018-05-02,41.51985549926758
2018-05-03,41.5951042175293
2018-05-04,43.227020263671875
2018-05-07,43.53976821899414
2018-05-08,43.74903106689453
2018-05-09,44.05708694458008
2018-05-10,44.687278747558594
2018-05-11,44.51731491088867
2018-05-14,44.413448333740234
2018-05-15,44.009803771972656
2018-05-16,44.42052459716797
2018-05-17,44.1396369934082
2018-05-18,43.9791145324707
2018-05-21,44.29071044921875
2018-05-22,44.17975616455078
2018-05-23,44.46302795410156
2018-05-24,44.413448333740234
2018-05-25,44.514957427978516
2018-05-29,44.354434967041016
2018-05-30,44.260013580322266
2018-05-31,44.111305236816406
2018-06-01,44.906803131103516
2018-06-04,45.28212356567383
2018-06-05,45.6314811706543
2018-06-06,45.78964614868164
2018-06-07,45.66690444946289
2018-06-08,45.25143814086914
2018-06-11,45.140499114990234
2018-06-12,45.38835144042969
2018-06-13,45.01537322998047
2018-06-14,45.038997650146484
2018-06-15,44.576324462890625
2018-06-18,44.552730560302734
2018-06-19,43.832767486572266
2018-06-20,44.02395248413086
2018-06-21,43.77846908569336
2018-06-22,43.6510009765625
2018-06-25,43.001861572265625
2018-06-26,43.53533172607422
2018-06-27,43.47160720825195
2018-06-28,43.78791046142578
2018-06-29,43.69585418701172
2018-07-02,44.184478759765625
2018-07-03,43.41494369506836
2018-07-05,43.76430130004883
2018-07-06,44.37096405029297
2018-07-09,44.987060546875
2018-07-10,44.932769775390625
2018-07-11,44.3497200012207
2018-07-12,45.093284606933594
2018-07-13,45.16410827636719
2018-07-16,45.06495666503906
2018-07-17,45.19242477416992
2018-07-18,44.94457244873047
2018-07-19,45.2939338684082
2018-07-20,45.19008255004883
2018-07-23,45.230201721191406
2018-07-24,45.558319091796875
2018-07-25,45.98793029785156
2018-07-26,45.84393310546875
2018-07-27,45.081485748291016
2018-07-30,44.82890319824219
2018-07-31,44.918617248535156
2018-08-01,47.56475830078125
2018-08-02,48.95512390136719
2018-08-03,49.096763610839844
2018-08-06,49.35169219970703
2018-08-07,48.889034271240234
2018-08-08,48.92207717895508
2018-08-09,49.30683135986328
2018-08-10,49.159976959228516
2018-08-13,49.47739791870117
2018-08-14,49.68585968017578
2018-08-15,49.801937103271484
2018-08-16,50.53151321411133
2018-08-17,51.540626525878906
2018-08-20,51.03844451904297
2018-08-21,50.9389533996582
2018-08-22,50.94132995605469
2018-08-23,51.04555130004883
2018-08-24,51.204254150390625
2018-08-27,51.625919342041016
2018-08-28,52.04281234741211
2018-08-29,52.819786071777344
2018-08-30,53.30540084838867
2018-08-31,53.921287536621094
2018-09-04,54.09421157836914
2018-09-05,53.74126434326172
2018-09-06,52.84821701049805
2018-09-07,52.42183303833008
2018-09-10,51.718292236328125
2018-09-11,53.02587890625
2018-09-12,52.367347717285156
2018-09-13,53.63228988647461
2018-09-14,53.02352523803711
2018-09-17,51.61170196533203
2018-09-18,51.69698715209961
2018-09-19,51.72777557373047
2018-09-20,52.12098693847656
2018-09-21,51.5595703125
2018-09-24,52.30101013183594
2018-09-25,52.63264846801758
2018-09-26,52.21337890625
2018-09-27,53.28644943237305
2018-09-28,53.47359085083008
2018-10-01,53.833641052246094
2018-10-02,54.3121452331543
2018-10-03,54.97303771972656
2018-10-04,54.006561279296875
2018-10-05,53.13010025024414
2018-10-08,53.006919860839844
2018-10-09,53.74126434326172
2018-10-10,51.25164031982422
2018-10-11,50.79920196533203
2018-10-12,52.613712310791016
2018-10-15,51.4885139465332
2018-10-16,52.62317657470703
2018-10-17,52.39577102661133
2018-10-18,51.171085357666016
2018-10-19,51.950443267822266
2018-10-22,52.267860412597656
2018-10-23,52.76055908203125
2018-10-24,50.95079803466797
2018-10-25,52.06651306152344
2018-10-26,51.2374267578125
2018-10-29,50.27569580078125
2018-10-30,50.52677536010742
2018-10-31,51.84383773803711
2018-11-01,52.6397590637207
2018-11-02,49.14813232421875
2018-11-05,47.75291061401367
2018-11-06,48.2692985534668
2018-11-07,49.73323059082031
2018-11-08,49.55970764160156
2018-11-09,48.6041145324707
2018-11-12,46.155731201171875
2018-11-13,45.69457244873047
2018-11-14,44.40382766723633
2018-11-15,45.49965286254883
2018-11-16,46.00360870361328
2018-11-19,44.18037414550781
2018-11-20,42.06951904296875
2018-11-21,42.0219841003418
2018-11-23,40.95466995239258
2018-11-26,41.50852584838867
2018-11-27,41.418212890625
2018-11-28,43.01084899902344
2018-11-29,42.68043518066406
2018-11-30,42.44986343383789
2018-12-03,43.93315887451172
2018-12-04,42.00059509277344
2018-12-06,41.53230667114258
2018-12-07,40.0513916015625
2018-12-10,40.315242767333984
2018-12-11,40.08466339111328
2018-12-12,40.1963996887207
2018-12-13,40.63615417480469
2018-12-14,39.33589553833008
2018-12-17,38.96983337402344
2018-12-18,39.476139068603516
2018-12-19,38.24481201171875
2018-12-20,37.27970886230469
2018-12-21,35.82970428466797
2018-12-24,34.90264892578125
2018-12-26,37.360538482666016
2018-12-27,37.11806869506836
2018-12-28,37.137088775634766
2018-12-31,37.49603271484375
2019-01-02,37.538822174072266
2019-01-03,33.79966354370117
2019-01-04,35.24256134033203
2019-01-07,35.164119720458984
2019-01-08,35.83445739746094
2019-01-09,36.4429817199707
2019-01-10,36.5594596862793
2019-01-11,36.20051193237305
2019-01-14,35.65617752075195
2019-01-15,36.38594436645508
2019-01-16,36.830440521240234
2019-01-17,37.049137115478516
2019-01-18,37.27734375
2019-01-22,36.440608978271484
2019-01-23,36.587989807128906
2019-01-24,36.29798126220703
2019-01-25,37.50077438354492
2019-01-28,37.15372085571289
2019-01-29,36.76864242553711
2019-01-30,39.281211853027344
2019-01-31,39.564090728759766
2019-02-01,39.583106994628906
2019-02-04,40.707462310791016
2019-02-05,41.40394973754883
2019-02-06,41.418212890625
2019-02-07,40.6337776184082
2019-02-08,40.6815185546875
2019-02-11,40.44757080078125
2019-02-12,40.796112060546875
2019-02-13,40.62660598754883
2019-02-14,40.774627685546875
2019-02-15,40.68390655517578
2019-02-19,40.8056526184082
2019-02-20,41.06825256347656
2019-02-21,40.836700439453125
2019-02-22,41.29266357421875
2019-02-25,41.59345245361328
2019-02-26,41.61732864379883
2019-02-27,41.746238708496094
2019-02-28,41.33562469482422
2019-03-01,41.77010726928711
2019-03-04,41.980201721191406
2019-03-05,41.903804779052734
2019-03-06,41.662689208984375
2019-03-07,41.18046188354492
2019-03-08,41.2783317565918
2019-03-11,42.708309173583984
2019-03-12,43.18816375732422
2019-03-13,43.37913131713867
2019-03-14,43.861358642578125
2019-03-15,44.431922912597656
2019-03-18,44.8855094909668
2019-03-19,44.52980422973633
2019-03-20,44.918922424316406
2019-03-21,46.57331848144531
2019-03-22,45.608848571777344
2019-03-25,45.057395935058594
2019-03-26,44.59186935424805
2019-03-27,44.99292755126953
2019-03-28,45.0526123046875
2019-03-29,45.34626007080078
2019-04-01,45.654205322265625
2019-04-02,46.317867279052734
2019-04-03,46.635379791259766
2019-04-04,46.71654510498047
2019-04-05,47.02928924560547
2019-04-08,47.76933288574219
2019-04-09,47.626094818115234
2019-04-10,47.893463134765625
2019-04-11,47.49479293823242
2019-04-12,47.4757080078125
2019-04-15,47.5616340637207
2019-04-16,47.56641387939453
2019-04-17,48.492679595947266
2019-04-18,48.66695022583008
2019-04-22,48.82689666748047
2019-04-23,49.53114700317383
2019-04-24,49.454750061035156
2019-04-25,49.005943298339844
2019-04-26,48.77198028564453
2019-04-29,48.845985412597656
2019-04-30,47.905399322509766
2019-05-01,50.256866455078125
2019-05-02,49.929813385009766
2019-05-03,50.55051040649414
2019-05-06,49.769866943359375
2019-05-07,48.428218841552734
2019-05-08,48.43775939941406
2019-05-09,47.91734313964844
2019-05-10,47.25352096557617
2019-05-13,44.507179260253906
2019-05-14,45.21174240112305
2019-05-15,45.75333023071289
2019-05-16,45.55203628540039
2019-05-17,45.293212890625
2019-05-20,43.87691116333008
2019-05-21,44.71805953979492
2019-05-22,43.8026123046875
2019-05-23,43.0549201965332
2019-05-24,42.889556884765625
2019-05-28,42.712223052978516
2019-05-29,42.50852966308594
2019-05-30,42.7289924621582
2019-05-31,41.95494079589844
2019-06-03,41.530757904052734
2019-06-04,43.05012512207031
2019-06-05,43.74509811401367
2019-06-06,44.38734436035156
2019-06-07,45.56881332397461
2019-06-10,46.15114974975586
2019-06-11,46.6855583190918
2019-06-12,46.5369873046875
2019-06-13,46.527381896972656
2019-06-14,46.18949890136719
2019-06-17,46.46508026123047
2019-06-18,47.55787658691406
2019-06-19,47.41888427734375
2019-06-20,47.799922943115234
2019-06-21,47.6369514465332
2019-06-24,47.58903121948242
2019-06-25,46.867698669433594
2019-06-26,47.88140106201172
2019-06-27,47.86701965332031
2019-06-28,47.43086242675781
2019-07-01,48.300777435302734
2019-07-02,48.58356475830078
2019-07-03,48.986167907714844
2019-07-05,48.94303512573242
2019-07-08,47.93412780761719
2019-07-09,48.226497650146484
2019-07-10,48.70338439941406
2019-07-11,48.34870910644531
2019-07-12,48.72016525268555
2019-07-15,49.177894592285156
2019-07-16,49.00773620605469
2019-07-17,48.732147216796875
2019-07-18,49.28573226928711
2019-07-19,48.550010681152344
2019-07-22,49.659568786621094
2019-07-23,50.04779815673828
2019-07-24,50.00706481933594
2019-07-25,49.61164093017578
2019-07-26,49.78419876098633
2019-07-29,50.24909973144531
2019-07-30,50.03342056274414
2019-07-31,51.054317474365234
2019-08-01,49.94954299926758
2019-08-02,48.892704010009766
2019-08-05,46.333290100097656
2019-08-06,47.21039581298828
2019-08-07,47.69926834106445
2019-08-08,48.751312255859375
2019-08-09,48.34959411621094
2019-08-12,48.226898193359375
2019-08-13,50.26923370361328
2019-08-14,48.7729606628418
2019-08-15,48.530006408691406
2019-08-16,49.675052642822266
2019-08-19,50.601200103759766
2019-08-20,50.60361099243164
2019-08-21,51.15207290649414
2019-08-22,51.1087760925293
2019-08-23,48.74650192260742
2019-08-26,49.67264938354492
2019-08-27,49.112152099609375
2019-08-28,49.44171142578125
2019-08-29,50.27885055541992
2019-08-30,50.21390914916992
2019-09-03,49.48260498046875
2019-09-04,50.322147369384766
2019-09-05,51.3060302734375
2019-09-06,51.30122375488281
2019-09-09,51.5201301574707
2019-09-10,52.12874221801758
2019-09-11,53.786170959472656
2019-09-12,53.665897369384766
2019-09-13,52.621883392333984
2019-09-16,52.89851760864258
2019-09-17,53.09095764160156
2019-09-18,53.588924407958984
2019-09-19,53.153499603271484
2019-09-20,52.37651443481445
2019-09-23,52.61465835571289
2019-09-24,52.364479064941406
2019-09-25,53.170352935791016
2019-09-26,52.89610290527344
2019-09-27,52.63872146606445
2019-09-30,53.87759780883789
2019-10-01,54.026729583740234
2019-10-02,52.672393798828125
2019-10-03,53.11983108520508
2019-10-04,54.6088752746582
2019-10-07,54.62090301513672
2019-10-08,53.98102951049805
2019-10-09,54.61369705200195
2019-10-10,55.34980392456055
2019-10-11,56.82200241088867
2019-10-14,56.74021911621094
2019-10-15,56.60791015625
2019-10-16,56.37938690185547
2019-10-17,56.59828186035156
2019-10-18,56.87012481689453
2019-10-21,57.85640335083008
2019-10-22,57.72409439086914
2019-10-23,58.49868392944336
2019-10-24,58.59490966796875
2019-10-25,59.31657409667969
2019-10-28,59.9107666015625
2019-10-29,58.52515411376953
2019-10-30,58.51793670654297
2019-10-31,59.84101104736328
2019-11-01,61.539337158203125
2019-11-04,61.94345474243164
2019-11-05,61.85447311401367
2019-11-06,61.88093566894531
2019-11-07,62.595115661621094
2019-11-08,62.76641845703125
2019-11-11,63.263458251953125
2019-11-12,63.205535888671875
2019-11-13,63.811161041259766
2019-11-14,63.369606018066406
2019-11-15,64.12240600585938
2019-11-18,64.44571685791016
2019-11-19,64.25030517578125
2019-11-20,63.502315521240234
2019-11-21,63.217613220214844
2019-11-22,63.162113189697266
2019-11-25,64.26959228515625
2019-11-26,63.76771926879883
2019-11-27,64.624267578125
2019-11-29,64.48191833496094
2019-12-02,63.736366271972656
2019-12-03,62.599937438964844
2019-12-04,63.152462005615234
2019-12-05,64.07898712158203
2019-12-06,65.31674194335938
2019-12-09,64.40230560302734
2019-12-10,64.77869415283203
2019-12-11,65.33121490478516
2019-12-12,65.49768829345703
2019-12-13,66.38803100585938
2019-12-16,67.52444458007812
2019-12-17,67.65715789794922
2019-12-18,67.49549102783203
2019-12-19,67.56304931640625
2019-12-20,67.42310333251953
2019-12-23,68.52335357666016
2019-12-24,68.58849334716797
2019-12-26,69.94930267333984
2019-12-27,69.92276763916016
2019-12-30,70.3377456665039
2019-12-31,70.85169219970703
2020-01-02,72.46824645996094
2020-01-03,71.76374053955078
2020-01-06,72.3355484008789
2020-01-07,71.99535369873047
2020-01-08,73.15349578857422
2020-01-09,74.70732879638672
2020-01-10,74.876220703125
2020-01-13,76.47590637207031
2020-01-14,75.44322967529297
2020-01-15,75.11991882324219
2020-01-16,76.06089782714844
2020-01-17,76.90299224853516
2020-01-21,76.3818130493164
2020-01-22,76.65444946289062
2020-01-23,77.02361297607422
2020-01-24,76.80165100097656
2020-01-27,74.54326629638672
2020-01-28,76.65205383300781
2020-01-29,78.2565689086914
2020-01-30,78.14313507080078
2020-01-31,74.67839050292969
2020-02-03,74.47329711914062
2020-02-04,76.93192291259766
2020-02-05,77.55926513671875
2020-02-06,78.46644592285156
2020-02-07,77.39993286132812
2020-02-10,77.76750946044922
2020-02-11,77.29832458496094
2020-02-12,79.13398742675781
2020-02-13,78.57046508789062
2020-02-14,78.5898208618164
2020-02-18,77.15078735351562
2020-02-19,78.26813507080078
2020-02-20,77.46520233154297
2020-02-21,75.71178436279297
2020-02-24,72.11543273925781
2020-02-25,69.6727294921875
2020-02-26,70.77799224853516
2020-02-27,66.1513671875
2020-02-28,66.1126480102539
2020-03-02,72.2677993774414
2020-03-03,69.97262573242188
2020-03-04,73.21827697753906
2020-03-05,70.84329986572266
2020-03-06,69.90248107910156
2020-03-09,64.37374114990234
2020-03-10,69.01004028320312
2020-03-11,66.61328887939453
2020-03-12,60.03492736816406
2020-03-13,67.22760009765625
2020-03-16,58.578975677490234
2020-03-17,61.154701232910156
2020-03-18,59.65763473510742
2020-03-19,59.200531005859375
2020-03-20,55.44215774536133
2020-03-23,54.26433563232422
2020-03-24,59.708431243896484
2020-03-25,59.379493713378906
2020-03-26,62.50424575805664
2020-03-27,59.91641616821289
2020-03-30,61.626304626464844
2020-03-31,61.500553131103516
2020-04-01,58.26457214355469
2020-04-02,59.23681640625
2020-04-03,58.385498046875
2020-04-06,63.478904724121094
2020-04-07,62.74366760253906
2020-04-08,64.34957122802734
2020-04-09,64.81389617919922
2020-04-13,66.08605194091797
2020-04-14,69.42361450195312
2020-04-15,68.78995513916016
2020-04-16,69.33654022216797
2020-04-17,68.39574432373047
2020-04-20,66.97607421875
2020-04-21,64.90582275390625
2020-04-22,66.77533721923828
2020-04-23,66.51656341552734
2020-04-24,68.43685913085938
2020-04-27,68.48522186279297
2020-04-28,67.3751449584961
2020-04-29,69.58807373046875
2020-04-30,71.05609893798828
2020-05-01,69.91213989257812
2020-05-04,70.9013442993164
2020-05-05,71.96548461914062
2020-05-06,72.70796203613281
2020-05-07,73.46012878417969
2020-05-08,75.20862579345703
2020-05-11,76.39203643798828
2020-05-12,75.51901245117188
2020-05-13,74.60718536376953
2020-05-14,75.06552124023438
2020-05-15,74.62173461914062
2020-05-18,76.3799057006836
2020-05-19,75.93855285644531
2020-05-20,77.4154281616211
2020-05-21,76.83826446533203
2020-05-22,77.33295440673828
2020-05-26,76.80913543701172
2020-05-27,77.14378356933594
2020-05-28,77.1777572631836
2020-05-29,77.10257720947266
2020-06-01,78.05078125
2020-06-02,78.412109375
2020-06-03,78.8437728881836
2020-06-04,78.16475677490234
2020-06-05,80.39095306396484
2020-06-08,80.86628723144531
2020-06-09,83.41986846923828
2020-06-10,85.5660629272461
2020-06-11,81.45800018310547
2020-06-12,82.16127014160156
2020-06-15,83.17736053466797
2020-06-16,85.38174438476562
2020-06-17,85.26293182373047
2020-06-18,85.29688262939453
2020-06-19,84.80941009521484
2020-06-22,87.02837371826172
2020-06-23,88.8859634399414
2020-06-24,87.31695556640625
2020-06-25,88.47615051269531
2020-06-26,85.75764465332031
2020-06-29,87.73406219482422
2020-06-30,88.46644592285156
2020-07-01,88.29910278320312
2020-07-02,88.29910278320312
2020-07-06,90.66112518310547
2020-07-07,90.37982177734375
2020-07-08,92.48477172851562
2020-07-09,92.88250732421875
2020-07-10,93.04496765136719
2020-07-13,92.61573791503906
2020-07-14,94.14837646484375
2020-07-15,94.79585266113281
2020-07-16,93.62940979003906
2020-07-17,93.44024658203125
2020-07-20,95.40941619873047
2020-07-21,94.09260559082031
2020-07-22,94.3569107055664
2020-07-23,90.0621337890625
2020-07-24,89.83902740478516
2020-07-27,91.96824645996094
2020-07-28,90.4574203491211
2020-07-29,92.19135284423828
2020-07-30,93.306884765625
2020-07-31,103.07505798339844
2020-08-03,105.67228698730469
2020-08-04,106.37798309326172
2020-08-05,106.76356506347656
2020-08-06,110.48848724365234
2020-08-07,107.9764404296875
2020-08-10,109.54586029052734
2020-08-11,106.28797149658203
2020-08-12,109.82038879394531
2020-08-13,111.7639389038086
2020-08-14,111.66432189941406
2020-08-17,111.37277221679688
2020-08-18,112.30084991455078
2020-08-19,112.4417495727539
2020-08-20,114.93677520751953
2020-08-21,120.8597412109375
2020-08-24,122.30526733398438
2020-08-25,121.30191040039062
2020-08-26,122.95149230957031
2020-08-27,121.48168182373047
2020-08-28,121.2848892211914
2020-08-31,125.39794158935547
2020-09-01,130.3928985595703
2020-09-02,127.69135284423828
2020-09-03,117.46825408935547
2020-09-04,117.54598999023438
2020-09-08,109.63574981689453
2020-09-09,114.00872802734375
2020-09-10,110.28683471679688
2020-09-11,108.8388900756836
2020-09-14,112.10404968261719
2020-09-15,112.27896881103516
2020-09-16,108.96521759033203
2020-09-17,107.22571563720703
2020-09-18,103.82451629638672
2020-09-21,106.97306060791016
2020-09-22,108.65425872802734
2020-09-23,104.09663391113281
2020-09-24,105.16556549072266
2020-09-25,109.1109848022461
2020-09-28,111.71534729003906
2020-09-29,110.86988830566406
2020-09-30,112.54134368896484
2020-10-01,113.49369049072266
2020-10-02,109.83009338378906
2020-10-05,113.21188354492188
2020-10-06,109.96614074707031
2020-10-07,111.83194732666016
2020-10-08,111.72505950927734
2020-10-09,113.66863250732422
2020-10-12,120.88890075683594
2020-10-13,117.6820297241211
2020-10-14,117.76951599121094
2020-10-15,117.30304718017578
2020-10-16,115.66073608398438
2020-10-19,112.70657348632812
2020-10-20,114.19336700439453
2020-10-21,113.57142639160156
2020-10-22,112.4830322265625
2020-10-23,111.7930679321289
2020-10-26,111.80280303955078
2020-10-27,113.3090591430664
2020-10-28,108.06146240234375
2020-10-29,112.06517028808594
2020-10-30,105.78750610351562
2020-11-02,105.70003509521484
2020-11-03,107.32292175292969
2020-11-04,111.70562744140625
2020-11-05,115.67047882080078
2020-11-06,115.53905487060547
2020-11-09,113.23197937011719
2020-11-10,112.89125061035156
2020-11-11,116.31780242919922
2020-11-12,116.04525756835938
2020-11-13,116.09391784667969
2020-11-16,117.10630798339844
2020-11-17,116.22046661376953
2020-11-18,114.89657592773438
2020-11-19,115.4903793334961
2020-11-20,114.22489929199219
2020-11-23,110.82752990722656
2020-11-24,112.11250305175781
2020-11-25,112.94966888427734
2020-11-27,113.49480438232422
2020-11-30,115.88949584960938
2020-12-01,119.4620590209961
2020-12-02,119.81251525878906
2020-12-03,119.67622375488281
2020-12-04,119.0045394897461
2020-12-07,120.46471405029297
2020-12-08,121.0780029296875
2020-12-09,118.54700469970703
2020-12-10,119.9682388305664
2020-12-11,119.1603012084961
2020-12-14,118.54700469970703
2020-12-15,124.48506927490234
2020-12-16,124.41693115234375
2020-12-17,125.2833023071289
2020-12-18,123.2974853515625
2020-12-21,124.82579040527344
2020-12-22,128.37890625
2020-12-23,127.48332214355469
2020-12-24,128.4664764404297
2020-12-28,133.06118774414062
2020-12-29,131.28948974609375
2020-12-30,130.17002868652344
2020-12-31,129.16738891601562
2021-01-04,125.97445678710938
2021-01-05,127.531982421875
2021-01-06,123.23906707763672
2021-01-07,127.44436645507812
2021-01-08,128.54437255859375
2021-01-11,125.55586242675781
2021-01-12,125.38066101074219
2021-01-13,127.41517639160156
2021-01-14,125.48773193359375
2021-01-15,123.76471710205078
2021-01-19,124.4364242553711
2021-01-20,128.52493286132812
2021-01-21,133.2364044189453
2021-01-22,135.3780059814453
2021-01-25,139.12582397460938
2021-01-26,139.35946655273438
2021-01-27,138.28858947753906
2021-01-28,133.45054626464844
2021-01-29,128.456787109375
2021-02-01,130.57891845703125
2021-02-02,131.40635681152344
2021-02-03,130.38418579101562
2021-02-04,133.74261474609375
2021-02-05,133.3282470703125
2021-02-08,133.47450256347656
2021-02-09,132.5970916748047
2021-02-10,131.9926300048828
2021-02-11,131.7391357421875
2021-02-12,131.97315979003906
2021-02-16,129.84783935546875
2021-02-17,127.55684661865234
2021-02-18,126.4551773071289
2021-02-19,126.61116790771484
2021-02-22,122.83830261230469
2021-02-23,122.70177459716797
2021-02-24,122.20458984375
2021-02-25,117.9539794921875
2021-02-26,118.21720123291016
2021-03-01,124.58335876464844
2021-03-02,121.98035430908203
2021-03-03,118.99713134765625
2021-03-04,117.11557006835938
2021-03-05,118.3731918334961
2021-03-08,113.4401626586914
2021-03-09,118.05147552490234
2021-03-10,116.96934509277344
2021-03-11,118.89966583251953
2021-03-12,117.99299621582031
2021-03-15,120.87871551513672
2021-03-16,122.41905212402344
2021-03-17,121.62940216064453
2021-03-18,117.50552368164062
2021-03-19,116.97906494140625
2021-03-22,120.29375457763672
2021-03-23,119.46509552001953
2021-03-24,117.0765609741211
2021-03-25,117.56404876708984
2021-03-26,118.16848754882812
2021-03-29,118.34395599365234
2021-03-30,116.89136505126953
2021-03-31,119.08488464355469
2021-04-01,119.9135513305664
2021-04-05,122.74078369140625
2021-04-06,123.04300689697266
2021-04-07,124.69059753417969
2021-04-08,127.08890533447266
2021-04-09,129.66262817382812
2021-04-12,127.94676208496094
2021-04-13,131.0567169189453
2021-04-14,128.71697998046875
2021-04-15,131.1249542236328
2021-04-16,130.79345703125
2021-04-19,131.4564208984375
2021-04-20,129.7698974609375
2021-04-21,130.15008544921875
2021-04-22,128.6292266845703
2021-04-23,130.9495086669922
2021-04-26,131.3394775390625
2021-04-27,131.0177764892578
2021-04-28,130.2280731201172
2021-04-29,130.1305389404297
2021-04-30,128.1613006591797
2021-05-03,129.2141571044922
2021-05-04,124.64186096191406
2021-05-05,124.88558197021484
2021-05-06,126.48442840576172
2021-05-07,127.15824127197266
2021-05-10,123.87699127197266
2021-05-11,122.95903015136719
2021-05-12,119.89263153076172
2021-05-13,122.04107666015625
2021-05-14,124.46292877197266
2021-05-17,123.31062316894531
2021-05-18,121.92386627197266
2021-05-19,121.76763916015625
2021-05-20,124.32621765136719
2021-05-21,122.49028778076172
2021-05-24,124.12114715576172
2021-05-25,123.92581176757812
2021-05-26,123.87699127197266
2021-05-27,122.34379577636719
2021-05-28,121.68950653076172
2021-06-01,121.36724090576172
2021-06-02,122.12893676757812
2021-06-03,120.64459991455078
2021-06-04,122.93949890136719
2021-06-07,122.94926452636719
2021-06-08,123.76956939697266
2021-06-09,124.15042877197266
2021-06-10,123.15434265136719
2021-06-11,124.36528778076172
2021-06-14,127.42191314697266
2021-06-15,126.60159301757812
2021-06-16,127.09966278076172
2021-06-17,128.7012481689453
2021-06-18,127.40239715576172
2021-06-21,129.19924926757812
2021-06-22,130.8398895263672
2021-06-23,130.5664825439453
2021-06-24,130.2832489013672
2021-06-25,129.9903106689453
2021-06-28,131.62115478515625
2021-06-29,133.13482666015625
2021-06-30,133.7500762939453
2021-07-01,134.0528106689453
2021-07-02,136.67974853515625
2021-07-06,138.69143676757812
2021-07-07,141.1816864013672
2021-07-08,139.88290405273438
2021-07-09,141.70904541015625
2021-07-12,141.11331176757812
2021-07-13,142.2266387939453
2021-07-14,145.6543426513672
2021-07-15,145.0000457763672
2021-07-16,142.9590301513672
2021-07-19,139.1114044189453
2021-07-20,142.72467041015625
2021-07-21,141.9922332763672
2021-07-22,143.35940551757812
2021-07-23,145.0781707763672
2021-07-26,145.4980926513672
2021-07-27,143.33013916015625
2021-07-28,141.58204650878906
2021-07-29,142.2266387939453
2021-07-30,142.4414825439453
2021-08-02,142.10940551757812
2021-08-03,143.90628051757812
2021-08-04,143.5059356689453
2021-08-05,143.6133270263672
2021-08-06,142.92872619628906
2021-08-09,142.8798065185547
2021-08-10,142.40057373046875
2021-08-11,142.65489196777344
2021-08-12,145.61830139160156
2021-08-13,145.8236846923828
2021-08-16,147.79925537109375
2021-08-17,146.88970947265625
2021-08-18,143.14390563964844
2021-08-19,143.47642517089844
2021-08-20,144.93362426757812
2021-08-23,146.4202880859375
2021-08-24,146.33226013183594
2021-08-25,145.09991455078125
2021-08-26,144.2979736328125
2021-08-27,145.3346710205078
2021-08-30,149.75535583496094
2021-08-31,148.49368286132812
2021-09-01,149.15878295898438
2021-09-02,150.27371215820312
2021-09-03,150.909423828125
2021-09-07,153.24688720703125
2021-09-08,151.7016143798828
2021-09-09,150.68446350097656
2021-09-10,145.69656372070312
2021-09-13,146.26380920410156
2021-09-14,144.8651885986328
2021-09-15,145.75526428222656
2021-09-16,145.5205078125
2021-09-17,142.8504638671875
2021-09-20,139.7990264892578
2021-09-21,140.27828979492188
2021-09-22,142.64512634277344
2021-09-23,143.6035614013672
2021-09-24,143.69158935546875
2021-09-27,142.17564392089844
2021-09-28,138.7916717529297
2021-09-29,139.6914520263672
2021-09-30,138.39068603515625
2021-10-01,139.5154266357422
2021-10-04,136.08258056640625
2021-10-05,138.00924682617188
2021-10-06,138.8796844482422
2021-10-07,140.14137268066406
2021-10-08,139.75991821289062
2021-10-11,139.67190551757812
2021-10-12,138.40045166015625
2021-10-13,137.8136444091797
2021-10-14,140.6010284423828
2021-10-15,141.65728759765625
2021-10-18,143.3297119140625
2021-10-19,145.49114990234375
2021-10-20,145.98013305664062
2021-10-21,146.19532775878906
2021-10-22,145.4226837158203
2021-10-25,145.373779296875
2021-10-26,146.03884887695312
2021-10-27,145.5791778564453
2021-10-28,149.21743774414062
2021-10-29,146.50830078125
2021-11-01,145.686767578125
2021-11-02,146.7234649658203
2021-11-03,148.16116333007812
2021-11-04,147.64280700683594
2021-11-05,148.17172241210938
2021-11-08,147.3489532470703
2021-11-09,147.7113800048828
2021-11-10,144.88070678710938
2021-11-11,144.83175659179688
2021-11-12,146.90823364257812
2021-11-15,146.9180145263672
2021-11-16,147.89744567871094
2021-11-17,150.33631896972656
2021-11-18,154.62632751464844
2021-11-19,157.25125122070312
2021-11-22,157.71160888671875
2021-11-23,158.09359741210938
2021-11-24,158.6126708984375
2021-11-26,153.58807373046875
2021-11-29,156.94764709472656
2021-11-30,161.9036865234375
2021-12-01,161.38453674316406
2021-12-02,160.39527893066406
2021-12-03,158.5147247314453
2021-12-06,161.9232177734375
2021-12-07,167.66282653808594
2021-12-08,171.4827423095703
2021-12-09,170.97340393066406
2021-12-10,175.76292419433594
2021-12-13,172.129150390625
2021-12-14,170.7481231689453
2021-12-15,175.6160125732422
2021-12-16,168.72064208984375
2021-12-17,167.62368774414062
2021-12-20,166.26222229003906
2021-12-21,169.43565368652344
2021-12-22,172.03123474121094
2021-12-23,172.65806579589844
2021-12-27,176.62486267089844
2021-12-28,175.60617065429688
2021-12-29,175.6943817138672
2021-12-30,174.53857421875
2021-12-31,173.9215850830078
2022-01-03,178.27029418945312
2022-01-04,176.0077362060547
2022-01-05,171.3260040283203
2022-01-06,168.4659881591797
2022-01-07,168.6324920654297
2022-01-10,168.6520538330078
2022-01-11,171.4827423095703
2022-01-12,171.92347717285156
2022-01-13,168.6520538330078
2022-01-14,169.51402282714844
2022-01-18,166.31121826171875
2022-01-19,162.81454467773438
2022-01-20,161.12986755371094
2022-01-21,159.07302856445312
2022-01-24,158.2992706298828
2022-01-25,156.49708557128906
2022-01-26,156.4088897705078
2022-01-27,155.9485626220703
2022-01-28,166.83030700683594
2022-01-31,171.18885803222656
2022-02-01,171.0223388671875
2022-02-02,172.22708129882812
2022-02-03,169.3474578857422
2022-02-04,169.0631103515625
2022-02-07,168.34716796875
2022-02-08,171.45602416992188
2022-02-09,172.87803649902344
2022-02-10,168.79830932617188
2022-02-11,165.38548278808594
2022-02-14,165.62086486816406
2022-02-15,169.45538330078125
2022-02-16,169.21998596191406
2022-02-17,165.62086486816406
2022-02-18,164.07135009765625
2022-02-22,161.14886474609375
2022-02-23,156.98085021972656
2022-02-24,159.59934997558594
2022-02-25,161.6686248779297
2022-02-28,161.93341064453125
2022-03-01,160.0504608154297
2022-03-02,163.3456268310547
2022-03-03,163.02198791503906
2022-03-04,160.02102661132812
2022-03-07,156.22569274902344
2022-03-08,154.40164184570312
2022-03-09,159.80528259277344
2022-03-10,155.4607696533203
2022-03-11,151.74391174316406
2022-03-14,147.7132110595703
2022-03-15,152.09698486328125
2022-03-16,156.51014709472656
2022-03-17,157.52024841308594
2022-03-18,160.81541442871094
2022-03-21,162.1884002685547
2022-03-22,165.56199645996094
2022-03-23,166.92518615722656
2022-03-24,170.71066284179688
2022-03-25,171.34812927246094
2022-03-28,172.21116638183594
2022-03-29,175.50633239746094
2022-03-30,174.3392791748047
2022-03-31,171.240234375
2022-04-01,170.94606018066406
2022-04-04,174.996337890625
2022-04-05,171.6815643310547
2022-04-06,168.51393127441406
2022-04-07,168.8179168701172
2022-04-08,166.80747985839844
2022-04-11,162.55120849609375
2022-04-12,164.4243621826172
2022-04-13,167.11151123046875
2022-04-14,162.1001434326172
2022-04-18,161.88433837890625
2022-04-19,164.16941833496094
2022-04-20,164.00267028808594
2022-04-21,163.2082977294922
2022-04-22,158.6676483154297
2022-04-25,159.7366485595703
2022-04-26,153.7739715576172
2022-04-27,153.5483856201172
2022-04-28,160.4819793701172
2022-04-29,154.60757446289062
2022-05-02,154.91159057617188
2022-05-03,156.4022216796875
2022-05-04,162.8160400390625
2022-05-05,153.74453735351562
2022-05-06,154.4713134765625
2022-05-09,149.34454345703125
2022-05-10,151.7508087158203
2022-05-11,143.88385009765625
2022-05-12,140.0142059326172
2022-05-13,144.4829559326172
2022-05-16,142.9409637451172
2022-05-17,146.5749053955078
2022-05-18,138.30526733398438
2022-05-19,134.89724731445312
2022-05-20,135.13294982910156
2022-05-23,140.55438232421875
2022-05-24,137.85350036621094
2022-05-25,138.01063537597656
2022-05-26,141.21241760253906
2022-05-27,146.9677734375
2022-05-31,146.18202209472656
2022-06-01,146.0543670654297
2022-06-02,148.50973510742188
2022-06-03,142.78382873535156
2022-06-06,143.53025817871094
2022-06-07,146.0543670654297
2022-06-08,145.31776428222656
2022-06-09,140.0927734375
2022-06-10,134.68116760253906
2022-06-13,129.52491760253906
2022-06-14,130.38919067382812
2022-06-15,133.0115203857422
2022-06-16,127.73738861083984
2022-06-17,129.2106170654297
2022-06-21,133.44366455078125
2022-06-22,132.93295288085938
2022-06-23,135.80081176757812
2022-06-24,139.1302947998047
2022-06-27,139.1302947998047
2022-06-28,134.9856414794922
2022-06-29,136.74366760253906
2022-06-30,134.27847290039062
2022-07-01,136.44900512695312
2022-07-05,139.0320587158203
2022-07-06,140.36776733398438
2022-07-07,143.7365264892578
2022-07-08,144.41421508789062
2022-07-11,142.28294372558594
2022-07-12,143.25527954101562
2022-07-13,142.89186096191406
2022-07-14,145.81866455078125
2022-07-15,147.48829650878906
2022-07-18,144.4436798095703
2022-07-19,148.30345153808594
2022-07-20,150.30702209472656
2022-07-21,152.57577514648438
2022-07-22,151.33828735351562
2022-07-25,150.21864318847656
2022-07-26,148.8927459716797
2022-07-27,153.99009704589844
2022-07-28,154.54006958007812
2022-07-29,159.60792541503906
2022-08-01,158.6258087158203
2022-08-02,157.15257263183594
2022-08-03,163.16331481933594
2022-08-04,162.84901428222656
2022-08-05,162.62278747558594
2022-08-08,162.1507110595703
2022-08-09,162.19989013671875
2022-08-10,166.4486541748047
2022-08-11,165.71102905273438
2022-08-12,169.261474609375
2022-08-15,170.33348083496094
2022-08-16,170.17611694335938
2022-08-17,171.67105102539062
2022-08-18,171.27767944335938
2022-08-19,168.69100952148438
2022-08-22,164.80618286132812
2022-08-23,164.47177124023438
2022-08-24,164.76681518554688
2022-08-25,167.22557067871094
2022-08-26,160.9213409423828
2022-08-29,158.71827697753906
2022-08-30,156.28903198242188
2022-08-31,154.6268768310547
2022-09-01,155.3546905517578
2022-09-02,153.24014282226562
2022-09-06,151.9812469482422
2022-09-07,153.3876495361328
2022-09-08,151.91238403320312
2022-09-09,154.77442932128906
2022-09-12,160.73443603515625
2022-09-13,151.30262756347656
2022-09-14,152.74838256835938
2022-09-15,149.85690307617188
2022-09-16,148.2144317626953
2022-09-19,151.9320831298828
2022-09-20,154.31216430664062
2022-09-21,151.1846160888672
2022-09-22,150.2207794189453
2022-09-23,147.9488525390625
2022-09-26,148.2832794189453
2022-09-27,149.25694274902344
2022-09-28,147.3686065673828
2022-09-29,140.1300048828125
2022-09-30,135.9206085205078
2022-10-03,140.1005096435547
2022-10-04,143.69032287597656
2022-10-05,143.98536682128906
2022-10-06,143.03134155273438
2022-10-07,137.77940368652344
2022-10-10,138.10397338867188
2022-10-11,136.68772888183594
2022-10-12,136.05828857421875
2022-10-13,140.631591796875
2022-10-14,136.09764099121094
2022-10-17,140.0611572265625
2022-10-18,141.37904357910156
2022-10-19,141.48724365234375
2022-10-20,141.0249786376953
2022-10-21,144.8409881591797
2022-10-24,146.9850616455078
2022-10-25,149.8273468017578
2022-10-26,146.88671875
2022-10-27,142.41175842285156
2022-10-28,153.17129516601562
2022-10-31,150.81088256835938
2022-11-01,148.16526794433594
2022-11-02,142.63795471191406
2022-11-03,136.5894012451172
2022-11-04,136.3234100341797
2022-11-07,136.85536193847656
2022-11-08,137.42674255371094
2022-11-09,132.86553955078125
2022-11-10,144.68719482421875
2022-11-11,147.47518920898438
2022-11-14,146.07626342773438
2022-11-15,147.8101043701172
2022-11-16,146.57867431640625
2022-11-17,148.47999572753906
2022-11-18,149.04150390625
2022-11-21,145.81027221679688
2022-11-22,147.947998046875
2022-11-23,148.82481384277344
2022-11-25,145.9087677001953
2022-11-28,142.07659912109375
2022-11-29,139.0718994140625
2022-11-30,145.82998657226562
2022-12-01,146.10585021972656
2022-12-02,145.61325073242188
2022-12-05,144.45077514648438
2022-12-06,140.7860565185547
2022-12-07,138.84536743164062
2022-12-08,140.5299530029297
2022-12-09,140.04722595214844
2022-12-12,142.34259033203125
2022-12-13,143.30801391601562
2022-12-14,141.08160400390625
2022-12-15,134.47132873535156
2022-12-16,132.51087951660156
2022-12-19,130.4027099609375
2022-12-20,130.33372497558594
2022-12-21,133.4369354248047
2022-12-22,130.26478576660156
2022-12-23,129.90029907226562
2022-12-27,128.0974884033203
2022-12-28,124.16680145263672
2022-12-29,127.68376922607422
2022-12-30,127.99896240234375
2023-01-03,123.2112045288086
2023-01-04,124.48204040527344
2023-01-05,123.16194152832031
2023-01-06,127.6935806274414
2023-01-09,128.2156982421875
2023-01-10,128.78707885742188
2023-01-11,131.50608825683594
2023-01-12,131.42723083496094
2023-01-13,132.75717163085938
2023-01-17,133.91964721679688
2023-01-18,133.2005157470703
2023-01-19,133.25961303710938
2023-01-20,135.82098388671875
2023-01-23,139.01280212402344
2023-01-24,140.41171264648438
2023-01-25,139.75169372558594
2023-01-26,141.82044982910156
2023-01-27,143.7611846923828
2023-01-30,140.87474060058594
2023-01-31,142.1455535888672
2023-02-01,143.26861572265625
2023-02-02,148.57852172851562
2023-02-03,152.20379638671875
2023-02-06,149.47496032714844
2023-02-07,152.3515625
2023-02-08,149.6621551513672
2023-02-09,148.62774658203125
2023-02-10,148.99281311035156
2023-02-13,151.79489135742188
2023-02-14,151.153564453125
2023-02-15,153.255126953125
2023-02-16,151.65676879882812
2023-02-17,150.5122528076172
2023-02-21,146.49661254882812
2023-02-22,146.92088317871094
2023-02-23,147.40432739257812
2023-02-24,144.7502899169922
2023-02-27,145.94406127929688
2023-02-28,145.44091796875
2023-03-01,143.36895751953125
2023-03-02,143.9609375
2023-03-03,149.01255798339844
2023-03-06,151.7751922607422
2023-03-07,149.57492065429688
2023-03-08,150.8280029296875
2023-03-09,148.5784454345703
2023-03-10,146.51637268066406
2023-03-13,148.46005249023438
2023-03-14,150.55172729492188
2023-03-15,150.94638061523438
2023-03-16,153.76817321777344
2023-03-17,152.9294891357422
2023-03-20,155.29745483398438
2023-03-21,157.15235900878906
2023-03-22,155.72171020507812
2023-03-23,156.80703735351562
2023-03-24,158.1094207763672
2023-03-27,156.1657257080078
2023-03-28,155.54412841796875
2023-03-29,158.62245178222656
2023-03-30,160.19122314453125
2023-03-31,162.69728088378906
2023-04-03,163.95030212402344
2023-04-04,163.4175567626953
2023-04-05,161.572509765625
2023-04-06,162.4604949951172
2023-04-10,159.86561584472656
2023-04-11,158.6520538330078
2023-04-12,157.96141052246094
2023-04-13,163.34849548339844
2023-04-14,163.00314331054688
2023-04-17,163.0228729248047
2023-04-18,164.24632263183594
2023-04-19,165.39083862304688
2023-04-20,164.4239044189453
2023-04-21,162.81570434570312
2023-04-24,163.12152099609375
2023-04-25,161.58236694335938
2023-04-26,161.572509765625
2023-04-27,166.16041564941406
2023-04-28,167.41343688964844
2023-05-01,167.32464599609375
2023-05-02,166.2886505126953
2023-05-03,165.21322631835938
2023-05-04,163.5753936767578
2023-05-05,171.25146484375
2023-05-08,171.1824188232422
2023-05-09,169.47549438476562
2023-05-10,171.24160766601562
2023-05-11,171.42906188964844
2023-05-12,170.5003204345703
2023-05-15,170.00636291503906
2023-05-16,170.00636291503906
2023-05-17,170.618896484375
2023-05-18,172.95059204101562
2023-05-19,173.05929565429688
2023-05-22,172.11074829101562
2023-05-23,169.50245666503906
2023-05-24,169.77908325195312
2023-05-25,170.91531372070312
2023-05-26,173.32601928710938
2023-05-30,175.17361450195312
2023-05-31,175.12420654296875
2023-06-01,177.93016052246094
2023-06-02,178.77984619140625
2023-06-05,177.42623901367188
2023-06-06,177.0607147216797
2023-06-07,175.6873779296875
2023-06-08,178.40440368652344
2023-06-09,178.78970336914062
2023-06-12,181.58575439453125
2023-06-13,181.11151123046875
2023-06-14,181.7438507080078
2023-06-15,183.77915954589844
2023-06-16,182.70220947265625
2023-06-20,182.7911376953125
2023-06-21,181.7537384033203
2023-06-22,184.75726318359375
2023-06-23,184.44113159179688
2023-06-26,183.04800415039062
2023-06-27,185.80458068847656
2023-06-28,186.98028564453125
2023-06-29,187.31619262695312
2023-06-30,191.6436767578125
2023-07-03,190.15179443359375
2023-07-05,189.0353240966797
2023-07-06,189.5095977783203
2023-07-07,188.39309692382812
2023-07-10,186.3479766845703
2023-07-11,185.82432556152344
2023-07-12,187.49404907226562
2023-07-13,188.25479125976562
2023-07-14,188.4030303955078
2023-07-17,191.6634521484375
2023-07-18,191.40655517578125
2023-07-19,192.76011657714844
2023-07-20,190.81375122070312
2023-07-21,189.6380157470703
2023-07-24,190.4383087158203
2023-07-25,191.2978973388672
2023-07-26,192.1673126220703
2023-07-27,190.90267944335938
2023-07-28,193.4813995361328
2023-07-31,194.0939178466797
2023-08-01,193.26400756835938
2023-08-02,190.27035522460938
2023-08-03,188.87725830078125
2023-08-04,179.807373046875
2023-08-07,176.70501708984375
2023-08-08,177.64366149902344
2023-08-09,176.05291748046875
2023-08-10,175.8355712890625
2023-08-11,175.89492797851562
2023-08-14,177.54714965820312
2023-08-15,175.5585479736328
2023-08-16,174.68795776367188
2023-08-17,172.1453399658203
2023-08-18,172.630126953125
2023-08-21,173.9656982421875
2023-08-22,175.34088134765625
2023-08-23,179.189453125
2023-08-24,174.49998474121094
2023-08-25,176.70619201660156
2023-08-28,178.2693634033203
2023-08-29,182.15748596191406
2023-08-30,185.64984130859375
2023-08-31,185.86749267578125
2023-09-01,187.44056701660156
2023-09-05,187.67799377441406
2023-09-06,180.96035766601562
2023-09-07,175.6674041748047
2023-09-08,176.28079223632812
2023-09-11,177.44821166992188
2023-09-12,174.42083740234375
2023-09-13,172.35308837890625
2023-09-14,173.86680603027344
2023-09-15,173.14454650878906
2023-09-18,176.07301330566406
2023-09-19,177.16131591796875
2023-09-20,173.6194610595703
2023-09-21,172.07608032226562
2023-09-22,172.9269256591797
2023-09-25,174.20318603515625
2023-09-26,170.12709045410156
2023-09-27,168.6133575439453
2023-09-28,168.87062072753906
2023-09-29,169.38507080078125
2023-10-02,171.89797973632812
2023-10-03,170.56236267089844
2023-10-04,171.80894470214844
2023-10-05,173.04563903808594
2023-10-06,175.59814453125
2023-10-09,177.08216857910156
2023-10-10,176.488525390625
2023-10-11,177.88351440429688
2023-10-12,178.78382873535156
2023-10-13,176.94363403320312
2023-10-16,176.8150177001953
2023-10-17,175.26173400878906
2023-10-18,173.9656982421875
2023-10-19,173.5897979736328
2023-10-20,171.03729248046875
2023-10-23,171.15599060058594
2023-10-24,171.59130859375
2023-10-25,169.27627563476562
2023-10-26,165.1111297607422
2023-10-27,166.42694091796875
2023-10-30,168.474853515625
2023-10-31,168.94976806640625
2023-11-01,172.11566162109375
2023-11-02,175.6772918701172
2023-11-03,174.76707458496094
2023-11-06,177.31956481933594
2023-11-07,179.88197326660156
2023-11-08,180.94058227539062
2023-11-09,180.46566772460938
2023-11-10,184.65611267089844
2023-11-13,183.07110595703125
2023-11-14,185.68638610839844
2023-11-15,186.2510528564453
2023-11-16,187.9351348876953
2023-11-17,187.91537475585938
2023-11-20,189.65887451171875
2023-11-21,188.8564453125
2023-11-22,189.52017211914062
2023-11-24,188.19271850585938
2023-11-27,188.01438903808594
2023-11-28,188.61868286132812
2023-11-29,187.59832763671875
2023-11-30,188.17291259765625
2023-12-01,189.4508514404297
2023-12-04,187.6577606201172
2023-12-05,191.6104278564453
2023-12-06,190.52073669433594
2023-12-07,192.45249938964844
2023-12-08,193.87901306152344
2023-12-11,191.37269592285156
2023-12-12,192.8883819580078
2023-12-13,196.1079864501953
2023-12-14,196.25657653808594
2023-12-15,195.72161865234375
2023-12-18,194.05731201171875
2023-12-19,195.09751892089844
2023-12-20,193.0072784423828
2023-12-21,192.85862731933594
2023-12-22,191.78875732421875
2023-12-26,191.24391174316406
2023-12-27,191.34295654296875
2023-12-28,191.76893615722656
2023-12-29,190.728759765625
2024-01-02,183.90322875976562
2024-01-03,182.52622985839844
2024-01-04,180.2081298828125
2024-01-05,179.48497009277344
2024-01-08,183.82395935058594
2024-01-09,183.40789794921875
2024-01-10,184.4480743408203
2024-01-11,183.8536834716797
2024-01-12,184.1805877685547
2024-01-16,181.91201782226562
2024-01-17,180.9709014892578
2024-01-18,186.86524963378906
2024-01-19,189.76783752441406
2024-01-22,192.0760498046875
2024-01-23,193.35397338867188
2024-01-24,192.68031311035156
2024-01-25,192.35340881347656
2024-01-26,190.6197967529297
2024-01-29,189.93626403808594
2024-01-30,186.28076171875
2024-01-31,182.67481994628906
2024-02-01,185.11183166503906
2024-02-02,184.11126708984375
2024-02-05,185.92413330078125
2024-02-06,187.5289764404297
2024-02-07,187.63796997070312
2024-02-08,186.55816650390625
2024-02-09,187.32191467285156
2024-02-12,185.63568115234375
2024-02-13,183.54275512695312
2024-02-14,182.65994262695312
2024-02-15,182.37229919433594
2024-02-16,180.8348388671875
2024-02-20,180.0908966064453
2024-02-21,180.8447723388672
2024-02-22,182.878173828125
2024-02-23,181.04315185546875
2024-02-26,179.6941375732422
2024-02-27,181.15225219726562
2024-02-28,179.95205688476562
2024-02-29,179.28744506835938
2024-03-01,178.20626831054688
2024-03-04,173.6831817626953
2024-03-05,168.7434539794922
2024-03-06,167.75155639648438
2024-03-07,167.63253784179688
2024-03-08,169.3485107421875
2024-03-11,171.35218811035156
2024-03-12,171.82830810546875
2024-03-13,169.74530029296875
2024-03-14,171.60015869140625
2024-03-15,171.2232208251953
2024-03-18,172.31434631347656
2024-03-19,174.65525817871094
2024-03-20,177.22430419921875
2024-03-21,169.98333740234375
2024-03-22,170.8860321044922
2024-03-25,169.46759033203125
2024-03-26,168.33680725097656
2024-03-27,171.9076690673828
2024-03-28,170.0924530029297
2024-04-01,168.6542205810547
2024-04-02,167.47384643554688
2024-04-03,168.27728271484375
2024-04-04,167.45401000976562
2024-04-05,168.20785522460938
2024-04-08,167.08697509765625
2024-04-09,168.297119140625
2024-04-10,166.42242431640625
2024-04-11,173.6236572265625
2024-04-12,175.12144470214844
2024-04-15,171.2926788330078
2024-04-16,168.00949096679688
2024-04-17,166.64064025878906
2024-04-18,165.68838500976562
2024-04-19,163.66490173339844
2024-04-22,164.49810791015625
2024-04-23,165.5495147705078
2024-04-24,167.6523895263672
2024-04-25,168.5153350830078
2024-04-26,167.93011474609375
2024-04-29,172.0961151123047
2024-04-30,168.9517822265625
2024-05-01,167.93011474609375
2024-05-02,171.62991333007812
2024-05-03,181.8961639404297
2024-05-06,180.23971557617188
2024-05-07,180.92408752441406
2024-05-08,181.26136779785156
2024-05-09,183.07655334472656
2024-05-10,181.81512451171875
2024-05-13,185.0233154296875
2024-05-14,186.16558837890625
2024-05-15,188.4401397705078
2024-05-16,188.559326171875
2024-05-17,188.589111328125
2024-05-20,189.751220703125
2024-05-21,191.05238342285156
2024-05-22,189.61216735839844
2024-05-23,185.61929321289062
2024-05-24,188.6983642578125
2024-05-28,188.70831298828125
2024-05-29,189.0062713623047
2024-05-30,189.99952697753906
2024-05-31,190.9530487060547
2024-06-03,192.72103881835938
2024-06-04,193.0388946533203
2024-06-05,194.54864501953125
2024-06-06,193.16799926757812
2024-06-07,195.561767578125
2024-06-10,191.81716918945312
2024-06-11,205.7525177001953
2024-06-12,211.63262939453125
2024-06-13,212.79470825195312
2024-06-14,211.05653381347656
2024-06-17,215.20834350585938
2024-06-18,212.8443603515625
2024-06-20,208.26544189453125
2024-06-21,206.09027099609375
2024-06-24,206.7358856201172
2024-06-25,207.65960693359375
2024-06-26,211.81138610839844
2024-06-27,212.65565490722656
2024-06-28,209.19912719726562
2024-07-01,215.2877960205078
2024-07-02,218.7840118408203
2024-07-03,220.05538940429688
2024-07-05,224.81307983398438
2024-07-08,226.28311157226562
2024-07-09,227.1372833251953
2024-07-10,231.4082794189453
2024-07-11,226.03480529785156
2024-07-12,228.9847412109375
2024-07-15,232.81871032714844
2024-07-16,233.23587036132812
2024-07-17,227.33595275878906
2024-07-18,222.6676483154297
2024-07-19,222.79676818847656
2024-07-22,222.44915771484375
2024-07-23,223.49205017089844
2024-07-24,217.06570434570312
2024-07-25,216.02279663085938
2024-07-26,216.4896240234375
2024-07-29,216.7677459716797
2024-07-30,217.32395935058594
2024-07-31,220.5818328857422
2024-08-01,216.8869171142578
2024-08-02,218.37680053710938
2024-08-05,207.85826110839844
2024-08-06,205.83200073242188
2024-08-07,208.40452575683594
2024-08-08,211.87098693847656
2024-08-09,214.78123474121094
2024-08-12,216.31259155273438
2024-08-13,220.0316619873047
2024-08-14,220.47915649414062
2024-08-15,223.46237182617188
2024-08-16,224.78494262695312
2024-08-19,224.62582397460938
2024-08-20,225.24234008789062
2024-08-21,225.1329803466797
2024-08-22,223.2734375
2024-08-23,225.57049560546875
2024-08-26,225.90859985351562
2024-08-27,226.7538299560547
2024-08-28,225.2224578857422
2024-08-29,228.50399780273438
2024-08-30,227.7184295654297
2024-09-03,221.52328491210938
2024-09-04,219.61404418945312
2024-09-05,221.13546752929688
2024-09-06,219.58421325683594
2024-09-09,219.67369079589844
2024-09-10,218.878173828125
2024-09-11,221.4138946533203
2024-09-12,221.52328491210938
2024-09-13,221.25479125976562
2024-09-16,215.10939025878906
2024-09-17,215.5767364501953
2024-09-18,219.45492553710938
2024-09-19,227.58912658691406
2024-09-20,226.9228973388672
2024-09-23,225.20257568359375
2024-09-24,226.0975341796875
2024-09-25,225.10311889648438
2024-09-26,226.2467041015625
2024-09-27,226.5151824951172
2024-09-30,231.696044921875
2024-10-01,224.9440460205078
2024-10-02,225.51083374023438
2024-10-03,224.40704345703125
2024-10-04,225.53073120117188
2024-10-07,220.44931030273438
2024-10-08,224.50648498535156
2024-10-09,228.25540161132812
2024-10-10,227.75820922851562
2024-10-11,226.27651977539062
2024-10-14,230.00555419921875
2024-10-15,232.54127502441406
2024-10-16,230.4828338623047
2024-10-17,230.8507843017578
2024-10-18,233.68482971191406
2024-10-21,235.1565704345703
2024-10-22,234.5400390625
2024-10-23,229.4685516357422
2024-10-24,229.27964782714844
2024-10-25,230.1149444580078
2024-10-28,232.09378051757812
2024-10-29,232.36227416992188
2024-10-30,228.81227111816406
2024-10-31,224.64572143554688
2024-11-01,221.66250610351562
2024-11-04,220.76751708984375
2024-11-05,222.199462890625
2024-11-06,221.47357177734375
2024-11-07,226.2069091796875
2024-11-08,225.93814086914062
2024-11-11,223.22042846679688
2024-11-12,223.22042846679688
2024-11-13,224.10641479492188
2024-11-14,227.19247436523438
2024-11-15,223.98695373535156
2024-11-18,226.99337768554688
2024-11-19,227.25218200683594
2024-11-20,227.96896362304688
2024-11-21,227.4911346435547
2024-11-22,228.83502197265625
2024-11-25,231.82151794433594
2024-11-26,234.0016632080078
2024-11-27,233.8722381591797
2024-11-29,236.26145935058594
2024-12-02,238.5112762451172
2024-12-03,241.55747985839844
2024-12-04,241.91587829589844
2024-12-05,241.9457244873047
2024-12-06,241.74664306640625
2024-12-09,245.63902282714844
2024-12-10,246.65443420410156
2024-12-11,245.38021850585938
2024-12-12,246.84359741210938
2024-12-13,247.01283264160156
2024-12-16,249.9097137451172
2024-12-17,252.33872985839844
2024-12-18,246.9331817626953
2024-12-19,248.6653289794922
2024-12-20,253.34417724609375
2024-12-23,254.12066650390625
2024-12-24,257.0374755859375
2024-12-26,257.853759765625
2024-12-27,254.43922424316406
2024-12-30,251.06448364257812
2024-12-31,249.29251098632812
